연도,CTPRVN_NM,SIGNGU_NM,SIGNGU_CD,POPLTN_CO,CL_NM,N10S_CLTUR_IDEX_VALUE,N20S_CLTUR_IDEX_VALUE,N30S_CLTUR_IDEX_VALUE,N40S_CLTUR_IDEX_VALUE,N50S_CLTUR_IDEX_VALUE,N60S_CLTUR_IDEX_VALUE,N70S_CLTUR_IDEX_VALUE,FILE_NM,BASE_DE
2019,서울특별시,관악구,11620,496234,전시회,32.8,29.2,24.8,15.2,12.8,12.2,7.4,KC_599_AGE_CLT_STATN_BIZAEA_2019,20200220
2019,서울특별시,송파구,11710,576337,전시회,32.8,29.2,24.8,15.2,12.8,12.2,7.4,KC_599_AGE_CLT_STATN_BIZAEA_2019,20200220
2019,서울특별시,성동구,11200,277683,전시회,32.8,29.2,24.8,15.2,12.8,12.2,7.4,KC_599_AGE_CLT_STATN_BIZAEA_2019,20200220
2019,서울특별시,서초구,11650,379715,전시회,82.0,73.0,62.0,38.0,32.0,30.5,18.5,KC_599_AGE_CLT_STATN_BIZAEA_2019,20200220
2019,서울특별시,종로구,11110,158922,전시회,328.0,292.0,248.0,152.0,128.0,122.0,74.0,KC_599_AGE_CLT_STATN_BIZAEA_2019,20200220
2019,서울특별시,용산구,11170,234036,전시회,49.2,43.8,37.2,22.8,19.200000000000003,18.3,11.1,KC_599_AGE_CLT_STATN_BIZAEA_2019,20200220
2019,서울특별시,노원구,11350,454708,전시회,32.8,29.2,24.8,15.2,12.8,12.2,7.4,KC_599_AGE_CLT_STATN_BIZAEA_2019,20200220
2019,서울특별시,강남구,11680,505401,전시회,65.6,58.4,49.6,30.4,25.6,24.4,14.8,KC_599_AGE_CLT_STATN_BIZAEA_2019,20200220
2019,서울특별시,중구,11140,139469,전시회,32.8,29.2,24.8,15.2,12.8,12.2,7.4,KC_599_AGE_CLT_STATN_BIZAEA_2019,20200220
2019,서울특별시,영등포구,11560,409966,전시회,16.4,14.6,12.4,7.6,6.4,6.1,3.7,KC_599_AGE_CLT_STATN_BIZAEA_2019,20200220
2019,서울특별시,강서구,11500,502947,전시회,16.4,14.6,12.4,7.6,6.4,6.1,3.7,KC_599_AGE_CLT_STATN_BIZAEA_2019,20200220
2019,서울특별시,성북구,11290,399799,전시회,16.4,14.6,12.4,7.6,6.4,6.1,3.7,KC_599_AGE_CLT_STATN_BIZAEA_2019,20200220
2019,서울특별시,광진구,11215,340406,도서관,71.16153852,98.03846148,115.2,94.8,54.0,19.270388804,13.929611196,KC_599_AGE_CLT_STATN_BIZAEA_2019,20200220
2019,서울특별시,영등포구,11560,409966,도서관,88.95192315,122.54807685,144.0,118.5,67.5,24.087986005,17.412013995,KC_599_AGE_CLT_STATN_BIZAEA_2019,20200220
2019,서울특별시,서초구,11650,379715,도서관,88.95192315,122.54807685,144.0,118.5,67.5,24.087986005,17.412013995,KC_599_AGE_CLT_STATN_BIZAEA_2019,20200220
2019,서울특별시,금천구,11545,244507,도서관,71.16153852,98.03846148,115.2,94.8,54.0,19.270388804,13.929611196,KC_599_AGE_CLT_STATN_BIZAEA_2019,20200220
2019,서울특별시,중구,11140,139469,도서관,88.95192315,122.54807685,144.0,118.5,67.5,24.087986005,17.412013995,KC_599_AGE_CLT_STATN_BIZAEA_2019,20200220
2019,서울특별시,용산구,11170,234036,도서관,71.16153852,98.03846148,115.2,94.8,54.0,19.270388804,13.929611196,KC_599_AGE_CLT_STATN_BIZAEA_2019,20200220
2019,서울특별시,구로구,11530,421723,도서관,195.69423092999995,269.60576907,316.8,260.7,148.5,52.993569211,38.306430789,KC_599_AGE_CLT_STATN_BIZAEA_2019,20200220
2019,서울특별시,은평구,11380,396567,도서관,106.74230778,147.05769221999998,172.8,142.2,81.0,28.905583206,20.894416794,KC_599_AGE_CLT_STATN_BIZAEA_2019,20200220
2019,서울특별시,노원구,11350,454708,도서관,124.53269240999998,171.56730758999998,201.6,165.9,94.5,33.723180407,24.376819593,KC_599_AGE_CLT_STATN_BIZAEA_2019,20200220
2019,서울특별시,서대문구,11410,303209,도서관,71.16153852,98.03846148,115.2,94.8,54.0,19.270388804,13.929611196,KC_599_AGE_CLT_STATN_BIZAEA_2019,20200220
2019,서울특별시,도봉구,11320,283632,도서관,124.53269240999998,171.56730758999998,201.6,165.9,94.5,33.723180407,24.376819593,KC_599_AGE_CLT_STATN_BIZAEA_2019,20200220
2019,서울특별시,관악구,11620,496234,도서관,88.95192315,122.54807685,144.0,118.5,67.5,24.087986005,17.412013995,KC_599_AGE_CLT_STATN_BIZAEA_2019,20200220
2019,서울특별시,동대문구,11230,342190,도서관,71.16153852,98.03846148,115.2,94.8,54.0,19.270388804,13.929611196,KC_599_AGE_CLT_STATN_BIZAEA_2019,20200220
2019,서울특별시,강남구,11680,505401,도서관,213.48461556,294.11538444,345.6,284.4,162.0,57.811166412,41.788833588,KC_599_AGE_CLT_STATN_BIZAEA_2019,20200220
2019,서울특별시,성동구,11200,277683,도서관,106.74230778,147.05769221999998,172.8,142.2,81.0,28.905583206,20.894416794,KC_599_AGE_CLT_STATN_BIZAEA_2019,20200220
2019,서울특별시,종로구,11110,158922,도서관,106.74230778,147.05769221999998,172.8,142.2,81.0,28.905583206,20.894416794,KC_599_AGE_CLT_STATN_BIZAEA_2019,20200220
2019,서울특별시,강동구,11740,368272,도서관,142.32307704,196.07692296,230.4,189.6,108.0,38.540777608,27.859222392,KC_599_AGE_CLT_STATN_BIZAEA_2019,20200220
2019,서울특별시,중랑구,11260,341363,도서관,53.37115389,73.52884610999999,86.4,71.1,40.5,14.452791603,10.447208397,KC_599_AGE_CLT_STATN_BIZAEA_2019,20200220
2019,서울특별시,동작구,11590,367752,도서관,88.95192315,122.54807685,144.0,118.5,67.5,24.087986005,17.412013995,KC_599_AGE_CLT_STATN_BIZAEA_2019,20200220
2019,서울특별시,강서구,11500,502947,도서관,160.11346167,220.58653833,259.2,213.3,121.5,43.358374809,31.341625191,KC_599_AGE_CLT_STATN_BIZAEA_2019,20200220
2019,서울특별시,마포구,11440,347364,도서관,88.95192315,122.54807685,144.0,118.5,67.5,24.087986005,17.412013995,KC_599_AGE_CLT_STATN_BIZAEA_2019,20200220
2019,서울특별시,강북구,11305,271739,도서관,124.53269240999998,171.56730758999998,201.6,165.9,94.5,33.723180407,24.376819593,KC_599_AGE_CLT_STATN_BIZAEA_2019,20200220
2019,서울특별시,송파구,11710,576337,도서관,213.48461556,294.11538444,345.6,284.4,162.0,57.811166412,41.788833588,KC_599_AGE_CLT_STATN_BIZAEA_2019,20200220
2019,서울특별시,양천구,11470,385006,도서관,106.74230778,147.05769221999998,172.8,142.2,81.0,28.905583206,20.894416794,KC_599_AGE_CLT_STATN_BIZAEA_2019,20200220
2019,서울특별시,성북구,11290,399799,도서관,177.9038463,245.0961537,288.0,237.0,135.0,48.17597201,34.82402799,KC_599_AGE_CLT_STATN_BIZAEA_2019,20200220
2019,서울특별시,노원구,11350,454708,공연장,69.91999999999999,82.24,62.40000000000001,44.48,43.04,39.36,30.56000000000001,KC_599_AGE_CLT_STATN_BIZAEA_2019,20200220
2019,서울특별시,중구,11140,139469,공연장,340.86,400.92,304.20000000000005,216.84000000000003,209.82,191.88,148.98000000000005,KC_599_AGE_CLT_STATN_BIZAEA_2019,20200220
2019,서울특별시,성동구,11200,277683,공연장,209.76,246.72,187.20000000000005,133.44,129.12,118.08,91.68000000000004,KC_599_AGE_CLT_STATN_BIZAEA_2019,20200220
2019,서울특별시,강서구,11500,502947,공연장,17.479999999999997,20.56,15.600000000000003,11.12,10.76,9.84,7.640000000000002,KC_599_AGE_CLT_STATN_BIZAEA_2019,20200220
2019,서울특별시,마포구,11440,347364,공연장,812.8199999999998,956.04,725.4000000000002,517.08,500.34,457.56,355.2600000000001,KC_599_AGE_CLT_STATN_BIZAEA_2019,20200220
2019,서울특별시,양천구,11470,385006,공연장,61.17999999999999,71.96,54.60000000000001,38.92,37.66,34.44,26.74000000000001,KC_599_AGE_CLT_STATN_BIZAEA_2019,20200220
2019,서울특별시,용산구,11170,234036,공연장,183.54,215.88,163.80000000000004,116.76,112.98,103.32,80.22000000000003,KC_599_AGE_CLT_STATN_BIZAEA_2019,20200220
2019,서울특별시,광진구,11215,340406,공연장,139.83999999999995,164.48,124.80000000000004,88.96000000000001,86.08,78.72,61.12000000000002,KC_599_AGE_CLT_STATN_BIZAEA_2019,20200220
2019,서울특별시,금천구,11545,244507,공연장,43.69999999999999,51.4,39.00000000000001,27.800000000000004,26.9,24.6,19.100000000000005,KC_599_AGE_CLT_STATN_BIZAEA_2019,20200220
2019,서울특별시,강북구,11305,271739,공연장,52.43999999999999,61.67999999999999,46.80000000000001,33.36,32.28,29.52,22.92000000000001,KC_599_AGE_CLT_STATN_BIZAEA_2019,20200220
2019,서울특별시,성북구,11290,399799,공연장,227.23999999999995,267.28,202.80000000000004,144.56,139.88,127.92,99.32000000000004,KC_599_AGE_CLT_STATN_BIZAEA_2019,20200220
2019,서울특별시,동작구,11590,367752,공연장,78.65999999999998,92.52,70.20000000000002,50.040000000000006,48.42,44.28,34.38000000000001,KC_599_AGE_CLT_STATN_BIZAEA_2019,20200220
2019,서울특별시,은평구,11380,396567,공연장,34.959999999999994,41.12,31.200000000000006,22.24,21.52,19.68,15.280000000000005,KC_599_AGE_CLT_STATN_BIZAEA_2019,20200220
2019,서울특별시,중랑구,11260,341363,공연장,8.739999999999998,10.28,7.800000000000002,5.5600000000000005,5.38,4.92,3.820000000000001,KC_599_AGE_CLT_STATN_BIZAEA_2019,20200220
2019,서울특별시,강남구,11680,505401,공연장,559.3599999999999,657.92,499.2000000000001,355.84000000000003,344.32,314.88,244.48000000000008,KC_599_AGE_CLT_STATN_BIZAEA_2019,20200220
2019,서울특별시,서대문구,11410,303209,공연장,218.5,257.0,195.00000000000003,139.0,134.5,123.0,95.50000000000004,KC_599_AGE_CLT_STATN_BIZAEA_2019,20200220
2019,서울특별시,송파구,11710,576337,공연장,131.09999999999997,154.2,117.00000000000004,83.4,80.7,73.8,57.30000000000002,KC_599_AGE_CLT_STATN_BIZAEA_2019,20200220
2019,서울특별시,종로구,11110,158922,공연장,1747.9999999999998,2056.0,1560.0000000000002,1112.0,1076.0,984.0,764.0000000000002,KC_599_AGE_CLT_STATN_BIZAEA_2019,20200220
2019,서울특별시,도봉구,11320,283632,공연장,34.959999999999994,41.12,31.200000000000006,22.24,21.52,19.68,15.280000000000005,KC_599_AGE_CLT_STATN_BIZAEA_2019,20200220
2019,서울특별시,서초구,11650,379715,공연장,323.37999999999994,380.36,288.6000000000001,205.72000000000003,199.06,182.04,141.34000000000003,KC_599_AGE_CLT_STATN_BIZAEA_2019,20200220
2019,서울특별시,영등포구,11560,409966,공연장,209.76,246.72,187.20000000000005,133.44,129.12,118.08,91.68000000000004,KC_599_AGE_CLT_STATN_BIZAEA_2019,20200220
2019,서울특별시,관악구,11620,496234,공연장,26.219999999999995,30.84,23.40000000000001,16.68,16.14,14.76,11.460000000000004,KC_599_AGE_CLT_STATN_BIZAEA_2019,20200220
2019,서울특별시,구로구,11530,421723,공연장,87.39999999999998,102.8,78.00000000000001,55.60000000000001,53.8,49.2,38.20000000000001,KC_599_AGE_CLT_STATN_BIZAEA_2019,20200220
2019,서울특별시,동대문구,11230,342190,공연장,96.14,113.08,85.80000000000001,61.16,59.18,54.12,42.02000000000001,KC_599_AGE_CLT_STATN_BIZAEA_2019,20200220
2019,서울특별시,강동구,11740,368272,공연장,43.69999999999999,51.4,39.00000000000001,27.800000000000004,26.9,24.6,19.100000000000005,KC_599_AGE_CLT_STATN_BIZAEA_2019,20200220
2019,서울특별시,동작구,11590,367752,박물관,19.0,10.0,13.5,10.9,7.4,6.5,4.1,KC_599_AGE_CLT_STATN_BIZAEA_2019,20200220
2019,서울특별시,구로구,11530,421723,박물관,19.0,10.0,13.5,10.9,7.4,6.5,4.1,KC_599_AGE_CLT_STATN_BIZAEA_2019,20200220
2019,서울특별시,용산구,11170,234036,박물관,133.0,70.0,94.5,76.3,51.8,45.5,28.7,KC_599_AGE_CLT_STATN_BIZAEA_2019,20200220
2019,서울특별시,서초구,11650,379715,박물관,95.0,50.0,67.5,54.5,37.0,32.5,20.5,KC_599_AGE_CLT_STATN_BIZAEA_2019,20200220
2019,서울특별시,동대문구,11230,342190,박물관,95.0,50.0,67.5,54.5,37.0,32.5,20.5,KC_599_AGE_CLT_STATN_BIZAEA_2019,20200220
2019,서울특별시,성동구,11200,277683,박물관,57.0,30.0,40.5,32.7,22.200000000000003,19.5,12.3,KC_599_AGE_CLT_STATN_BIZAEA_2019,20200220
2019,서울특별시,마포구,11440,347364,박물관,114.0,60.0,81.0,65.4,44.400000000000006,39.0,24.6,KC_599_AGE_CLT_STATN_BIZAEA_2019,20200220
2019,서울특별시,노원구,11350,454708,박물관,38.0,20.0,27.0,21.8,14.8,13.0,8.2,KC_599_AGE_CLT_STATN_BIZAEA_2019,20200220
2019,서울특별시,도봉구,11320,283632,박물관,38.0,20.0,27.0,21.8,14.8,13.0,8.2,KC_599_AGE_CLT_STATN_BIZAEA_2019,20200220
2019,서울특별시,서대문구,11410,303209,박물관,133.0,70.0,94.5,76.3,51.8,45.5,28.7,KC_599_AGE_CLT_STATN_BIZAEA_2019,20200220
2019,서울특별시,강남구,11680,505401,박물관,171.0,90.0,121.5,98.1,66.60000000000001,58.5,36.9,KC_599_AGE_CLT_STATN_BIZAEA_2019,20200220
2019,서울특별시,관악구,11620,496234,박물관,38.0,20.0,27.0,21.8,14.8,13.0,8.2,KC_599_AGE_CLT_STATN_BIZAEA_2019,20200220
2019,서울특별시,광진구,11215,340406,박물관,57.0,30.0,40.5,32.7,22.200000000000003,19.5,12.3,KC_599_AGE_CLT_STATN_BIZAEA_2019,20200220
2019,서울특별시,강북구,11305,271739,박물관,57.0,30.0,40.5,32.7,22.200000000000003,19.5,12.3,KC_599_AGE_CLT_STATN_BIZAEA_2019,20200220
2019,서울특별시,송파구,11710,576337,박물관,95.0,50.0,67.5,54.5,37.0,32.5,20.5,KC_599_AGE_CLT_STATN_BIZAEA_2019,20200220
2019,서울특별시,성북구,11290,399799,박물관,133.0,70.0,94.5,76.3,51.8,45.5,28.7,KC_599_AGE_CLT_STATN_BIZAEA_2019,20200220
2019,서울특별시,종로구,11110,158922,박물관,703.0,370.0,499.5,403.3,273.8,240.5,151.7,KC_599_AGE_CLT_STATN_BIZAEA_2019,20200220
2019,서울특별시,중구,11140,139469,박물관,304.0,160.0,216.0,174.4,118.4,104.0,65.6,KC_599_AGE_CLT_STATN_BIZAEA_2019,20200220
2019,서울특별시,은평구,11380,396567,박물관,38.0,20.0,27.0,21.8,14.8,13.0,8.2,KC_599_AGE_CLT_STATN_BIZAEA_2019,20200220
2019,서울특별시,영등포구,11560,409966,박물관,57.0,30.0,40.5,32.7,22.200000000000003,19.5,12.3,KC_599_AGE_CLT_STATN_BIZAEA_2019,20200220
2019,서울특별시,강동구,11740,368272,박물관,19.0,10.0,13.5,10.9,7.4,6.5,4.1,KC_599_AGE_CLT_STATN_BIZAEA_2019,20200220
2019,서울특별시,강서구,11500,502947,박물관,19.0,10.0,13.5,10.9,7.4,6.5,4.1,KC_599_AGE_CLT_STATN_BIZAEA_2019,20200220
2020,서울특별시,강남구,11680,539838,도서관,548.6,548.6,373.1,305.5,176.8,109.2,109.2,KC_599_AGE_CLT_STATN_BIZAEA_2020,20210201
2020,서울특별시,강동구,11740,458604,도서관,337.6,337.6,229.6,188.0,108.8,67.2,67.2,KC_599_AGE_CLT_STATN_BIZAEA_2020,20210201
2020,서울특별시,강북구,11305,308569,도서관,295.4,295.4,200.9,164.5,95.2,58.8,58.8,KC_599_AGE_CLT_STATN_BIZAEA_2020,20210201
2020,서울특별시,강서구,11500,581909,도서관,379.8,379.8,258.3,211.5,122.4,75.6,75.6,KC_599_AGE_CLT_STATN_BIZAEA_2020,20210201
2020,서울특별시,관악구,11620,496059,도서관,211.0,211.0,143.5,117.5,68.0,42.0,42.0,KC_599_AGE_CLT_STATN_BIZAEA_2020,20210201
2020,서울특별시,광진구,11215,347285,도서관,168.8,168.8,114.8,94.0,54.4,33.6,33.6,KC_599_AGE_CLT_STATN_BIZAEA_2020,20210201
2020,서울특별시,구로구,11530,405194,도서관,464.2,464.2,315.7,258.5,149.6,92.4,92.4,KC_599_AGE_CLT_STATN_BIZAEA_2020,20210201
2020,서울특별시,금천구,11545,232003,도서관,168.8,168.8,114.8,94.0,54.4,33.6,33.6,KC_599_AGE_CLT_STATN_BIZAEA_2020,20210201
2020,서울특별시,노원구,11350,523708,도서관,464.2,464.2,315.7,258.5,149.6,92.4,92.4,KC_599_AGE_CLT_STATN_BIZAEA_2020,20210201
2020,서울특별시,도봉구,11320,326082,도서관,253.2,253.2,172.2,141.0,81.6,50.4,50.4,KC_599_AGE_CLT_STATN_BIZAEA_2020,20210201
2020,서울특별시,동대문구,11230,343377,도서관,168.8,168.8,114.8,94.0,54.4,33.6,33.6,KC_599_AGE_CLT_STATN_BIZAEA_2020,20210201
2020,서울특별시,동작구,11590,391896,도서관,253.2,253.2,172.2,141.0,81.6,50.4,50.4,KC_599_AGE_CLT_STATN_BIZAEA_2020,20210201
2020,서울특별시,마포구,11440,372320,도서관,253.2,253.2,172.2,141.0,81.6,50.4,50.4,KC_599_AGE_CLT_STATN_BIZAEA_2020,20210201
2020,서울특별시,서대문구,11410,312325,도서관,168.8,168.8,114.8,94.0,54.4,33.6,33.6,KC_599_AGE_CLT_STATN_BIZAEA_2020,20210201
2020,서울특별시,서초구,11650,425431,도서관,253.2,253.2,172.2,141.0,81.6,50.4,50.4,KC_599_AGE_CLT_STATN_BIZAEA_2020,20210201
2020,서울특별시,성동구,11200,294272,도서관,253.2,253.2,172.2,141.0,81.6,50.4,50.4,KC_599_AGE_CLT_STATN_BIZAEA_2020,20210201
2020,서울특별시,성북구,11290,438051,도서관,422.0,422.0,287.0,235.0,136.0,84.0,84.0,KC_599_AGE_CLT_STATN_BIZAEA_2020,20210201
2020,서울특별시,송파구,11710,668498,도서관,506.4,506.4,344.4,282.0,163.2,100.8,100.8,KC_599_AGE_CLT_STATN_BIZAEA_2020,20210201
2020,서울특별시,양천구,11470,455058,도서관,379.8,379.8,258.3,211.5,122.4,75.6,75.6,KC_599_AGE_CLT_STATN_BIZAEA_2020,20210201
2020,서울특별시,영등포구,11560,378276,도서관,211.0,211.0,143.5,117.5,68.0,42.0,42.0,KC_599_AGE_CLT_STATN_BIZAEA_2020,20210201
2020,서울특별시,용산구,11170,230151,도서관,168.8,168.8,114.8,94.0,54.4,33.6,33.6,KC_599_AGE_CLT_STATN_BIZAEA_2020,20210201
2020,서울특별시,은평구,11380,480617,도서관,295.4,295.4,200.9,164.5,95.2,58.8,58.8,KC_599_AGE_CLT_STATN_BIZAEA_2020,20210201
2020,서울특별시,종로구,11110,149549,도서관,295.4,295.4,200.9,164.5,95.2,58.8,58.8,KC_599_AGE_CLT_STATN_BIZAEA_2020,20210201
2020,서울특별시,중구,11140,125505,도서관,211.0,211.0,143.5,117.5,68.0,42.0,42.0,KC_599_AGE_CLT_STATN_BIZAEA_2020,20210201
2020,서울특별시,중랑구,11260,395194,도서관,168.8,168.8,114.8,94.0,54.4,33.6,33.6,KC_599_AGE_CLT_STATN_BIZAEA_2020,20210201
2020,서울특별시,강남구,11680,539838,공연장,759.5,759.5,589.0,412.3,297.6,99.2,99.2,KC_599_AGE_CLT_STATN_BIZAEA_2020,20210201
2020,서울특별시,강동구,11740,458604,공연장,73.5,73.5,57.0,39.9,28.8,9.6,9.6,KC_599_AGE_CLT_STATN_BIZAEA_2020,20210201
2020,서울특별시,강북구,11305,308569,공연장,73.5,73.5,57.0,39.9,28.8,9.6,9.6,KC_599_AGE_CLT_STATN_BIZAEA_2020,20210201
2020,서울특별시,강서구,11500,581909,공연장,24.5,24.5,19.0,13.3,9.6,3.2,3.2,KC_599_AGE_CLT_STATN_BIZAEA_2020,20210201
2020,서울특별시,광진구,11215,347285,공연장,171.5,171.5,133.0,93.1,67.2,22.4,22.4,KC_599_AGE_CLT_STATN_BIZAEA_2020,20210201
2020,서울특별시,구로구,11530,405194,공연장,171.5,171.5,133.0,93.1,67.2,22.4,22.4,KC_599_AGE_CLT_STATN_BIZAEA_2020,20210201
2020,서울특별시,금천구,11545,232003,공연장,49.0,49.0,38.0,26.6,19.2,6.4,6.4,KC_599_AGE_CLT_STATN_BIZAEA_2020,20210201
2020,서울특별시,노원구,11350,523708,공연장,73.5,73.5,57.0,39.9,28.8,9.6,9.6,KC_599_AGE_CLT_STATN_BIZAEA_2020,20210201
2020,서울특별시,도봉구,11320,326082,공연장,73.5,73.5,57.0,39.9,28.8,9.6,9.6,KC_599_AGE_CLT_STATN_BIZAEA_2020,20210201
2020,서울특별시,동대문구,11230,343377,공연장,73.5,73.5,57.0,39.9,28.8,9.6,9.6,KC_599_AGE_CLT_STATN_BIZAEA_2020,20210201
2020,서울특별시,동작구,11590,391896,공연장,122.5,122.5,95.0,66.5,48.0,16.0,16.0,KC_599_AGE_CLT_STATN_BIZAEA_2020,20210201
2020,서울특별시,마포구,11440,372320,공연장,661.5,661.5,513.0,359.1,259.2,86.4,86.4,KC_599_AGE_CLT_STATN_BIZAEA_2020,20210201
2020,서울특별시,서대문구,11410,312325,공연장,318.5,318.5,247.0,172.9,124.8,41.6,41.6,KC_599_AGE_CLT_STATN_BIZAEA_2020,20210201
2020,서울특별시,서초구,11650,425431,공연장,441.0,441.0,342.0,239.4,172.8,57.6,57.6,KC_599_AGE_CLT_STATN_BIZAEA_2020,20210201
2020,서울특별시,성동구,11200,294272,공연장,245.0,245.0,190.0,133.0,96.0,32.0,32.0,KC_599_AGE_CLT_STATN_BIZAEA_2020,20210201
2020,서울특별시,성북구,11290,438051,공연장,343.0,343.0,266.0,186.2,134.4,44.8,44.8,KC_599_AGE_CLT_STATN_BIZAEA_2020,20210201
2020,서울특별시,송파구,11710,668498,공연장,98.0,98.0,76.0,53.2,38.4,12.8,12.8,KC_599_AGE_CLT_STATN_BIZAEA_2020,20210201
2020,서울특별시,양천구,11470,455058,공연장,98.0,98.0,76.0,53.2,38.4,12.8,12.8,KC_599_AGE_CLT_STATN_BIZAEA_2020,20210201
2020,서울특별시,영등포구,11560,378276,공연장,220.5,220.5,171.0,119.7,86.4,28.8,28.8,KC_599_AGE_CLT_STATN_BIZAEA_2020,20210201
2020,서울특별시,용산구,11170,230151,공연장,245.0,245.0,190.0,133.0,96.0,32.0,32.0,KC_599_AGE_CLT_STATN_BIZAEA_2020,20210201
2020,서울특별시,은평구,11380,480617,공연장,73.5,73.5,57.0,39.9,28.8,9.6,9.6,KC_599_AGE_CLT_STATN_BIZAEA_2020,20210201
2020,서울특별시,종로구,11110,149549,공연장,3332.0,3332.0,2584.0,1808.8,1305.6,435.2,435.2,KC_599_AGE_CLT_STATN_BIZAEA_2020,20210201
2020,서울특별시,중구,11140,125505,공연장,612.5,612.5,475.0,332.5,240.0,80.0,80.0,KC_599_AGE_CLT_STATN_BIZAEA_2020,20210201
2020,서울특별시,중랑구,11260,395194,공연장,24.5,24.5,19.0,13.3,9.6,3.2,3.2,KC_599_AGE_CLT_STATN_BIZAEA_2020,20210201
2020,서울특별시,강남구,11680,539838,전시관,58.4,58.4,49.6,30.4,25.6,19.6,19.6,KC_599_AGE_CLT_STATN_BIZAEA_2020,20210201
2020,서울특별시,강서구,11500,581909,전시관,14.6,14.6,12.4,7.6,6.4,4.9,4.9,KC_599_AGE_CLT_STATN_BIZAEA_2020,20210201
2020,서울특별시,관악구,11620,496059,전시관,29.2,29.2,24.8,15.2,12.8,9.8,9.8,KC_599_AGE_CLT_STATN_BIZAEA_2020,20210201
2020,서울특별시,노원구,11350,523708,전시관,29.2,29.2,24.8,15.2,12.8,9.8,9.8,KC_599_AGE_CLT_STATN_BIZAEA_2020,20210201
2020,서울특별시,서초구,11650,425431,전시관,73.0,73.0,62.0,38.0,32.0,24.5,24.5,KC_599_AGE_CLT_STATN_BIZAEA_2020,20210201
2020,서울특별시,성동구,11200,294272,전시관,29.2,29.2,24.8,15.2,12.8,9.8,9.8,KC_599_AGE_CLT_STATN_BIZAEA_2020,20210201
2020,서울특별시,성북구,11290,438051,전시관,14.6,14.6,12.4,7.6,6.4,4.9,4.9,KC_599_AGE_CLT_STATN_BIZAEA_2020,20210201
2020,서울특별시,송파구,11710,668498,전시관,29.2,29.2,24.8,15.2,12.8,9.8,9.8,KC_599_AGE_CLT_STATN_BIZAEA_2020,20210201
2020,서울특별시,영등포구,11560,378276,전시관,14.6,14.6,12.4,7.6,6.4,4.9,4.9,KC_599_AGE_CLT_STATN_BIZAEA_2020,20210201
2020,서울특별시,용산구,11170,230151,전시관,73.0,73.0,62.0,38.0,32.0,24.5,24.5,KC_599_AGE_CLT_STATN_BIZAEA_2020,20210201
2020,서울특별시,은평구,11380,480617,전시관,14.6,14.6,12.4,7.6,6.4,4.9,4.9,KC_599_AGE_CLT_STATN_BIZAEA_2020,20210201
2020,서울특별시,종로구,11110,149549,전시관,277.4,277.4,235.6,144.4,121.6,93.1,93.1,KC_599_AGE_CLT_STATN_BIZAEA_2020,20210201
2020,서울특별시,중구,11140,125505,전시관,29.2,29.2,24.8,15.2,12.8,9.8,9.8,KC_599_AGE_CLT_STATN_BIZAEA_2020,20210201
2020,서울특별시,강남구,11680,539838,박물관,70.0,70.0,94.5,76.3,51.8,37.1,37.1,KC_599_AGE_CLT_STATN_BIZAEA_2020,20210201
2020,서울특별시,강동구,11740,458604,박물관,20.0,20.0,27.0,21.8,14.8,10.6,10.6,KC_599_AGE_CLT_STATN_BIZAEA_2020,20210201
2020,서울특별시,강북구,11305,308569,박물관,30.0,30.0,40.5,32.7,22.2,15.9,15.9,KC_599_AGE_CLT_STATN_BIZAEA_2020,20210201
2020,서울특별시,강서구,11500,581909,박물관,20.0,20.0,27.0,21.8,14.8,10.6,10.6,KC_599_AGE_CLT_STATN_BIZAEA_2020,20210201
2020,서울특별시,관악구,11620,496059,박물관,20.0,20.0,27.0,21.8,14.8,10.6,10.6,KC_599_AGE_CLT_STATN_BIZAEA_2020,20210201
2020,서울특별시,광진구,11215,347285,박물관,30.0,30.0,40.5,32.7,22.2,15.9,15.9,KC_599_AGE_CLT_STATN_BIZAEA_2020,20210201
2020,서울특별시,구로구,11530,405194,박물관,10.0,10.0,13.5,10.9,7.4,5.3,5.3,KC_599_AGE_CLT_STATN_BIZAEA_2020,20210201
2020,서울특별시,노원구,11350,523708,박물관,30.0,30.0,40.5,32.7,22.2,15.9,15.9,KC_599_AGE_CLT_STATN_BIZAEA_2020,20210201
2020,서울특별시,도봉구,11320,326082,박물관,20.0,20.0,27.0,21.8,14.8,10.6,10.6,KC_599_AGE_CLT_STATN_BIZAEA_2020,20210201
2020,서울특별시,동대문구,11230,343377,박물관,50.0,50.0,67.5,54.5,37.0,26.5,26.5,KC_599_AGE_CLT_STATN_BIZAEA_2020,20210201
2020,서울특별시,동작구,11590,391896,박물관,10.0,10.0,13.5,10.9,7.4,5.3,5.3,KC_599_AGE_CLT_STATN_BIZAEA_2020,20210201
2020,서울특별시,마포구,11440,372320,박물관,60.0,60.0,81.0,65.4,44.4,31.8,31.8,KC_599_AGE_CLT_STATN_BIZAEA_2020,20210201
2020,서울특별시,서대문구,11410,312325,박물관,70.0,70.0,94.5,76.3,51.8,37.1,37.1,KC_599_AGE_CLT_STATN_BIZAEA_2020,20210201
2020,서울특별시,서초구,11650,425431,박물관,50.0,50.0,67.5,54.5,37.0,26.5,26.5,KC_599_AGE_CLT_STATN_BIZAEA_2020,20210201
2020,서울특별시,성동구,11200,294272,박물관,30.0,30.0,40.5,32.7,22.2,15.9,15.9,KC_599_AGE_CLT_STATN_BIZAEA_2020,20210201
2020,서울특별시,성북구,11290,438051,박물관,80.0,80.0,108.0,87.2,59.2,42.4,42.4,KC_599_AGE_CLT_STATN_BIZAEA_2020,20210201
2020,서울특별시,송파구,11710,668498,박물관,50.0,50.0,67.5,54.5,37.0,26.5,26.5,KC_599_AGE_CLT_STATN_BIZAEA_2020,20210201
2020,서울특별시,영등포구,11560,378276,박물관,30.0,30.0,40.5,32.7,22.2,15.9,15.9,KC_599_AGE_CLT_STATN_BIZAEA_2020,20210201
2020,서울특별시,용산구,11170,230151,박물관,70.0,70.0,94.5,76.3,51.8,37.1,37.1,KC_599_AGE_CLT_STATN_BIZAEA_2020,20210201
2020,서울특별시,은평구,11380,480617,박물관,20.0,20.0,27.0,21.8,14.8,10.6,10.6,KC_599_AGE_CLT_STATN_BIZAEA_2020,20210201
2020,서울특별시,종로구,11110,149549,박물관,350.0,350.0,472.5,381.5,259.0,185.5,185.5,KC_599_AGE_CLT_STATN_BIZAEA_2020,20210201
2020,서울특별시,중구,11140,125505,박물관,160.0,160.0,216.0,174.4,118.4,84.8,84.8,KC_599_AGE_CLT_STATN_BIZAEA_2020,20210201
2022,서울특별시,강남구,11680,490424,도서관,548.6,548.6,373.1,305.5,176.8,109.2,109.2,KC_599_AGE_CLT_STATN_BIZAEA_2022,20220101
2022,서울특별시,강동구,11740,374106,도서관,379.8,379.8,258.3,211.5,122.4,75.6,75.6,KC_599_AGE_CLT_STATN_BIZAEA_2022,20220101
2022,서울특별시,강북구,11305,264535,도서관,295.4,295.4,200.9,164.5,95.2,58.8,58.8,KC_599_AGE_CLT_STATN_BIZAEA_2022,20220101
2022,서울특별시,강서구,11500,489825,도서관,379.8,379.8,258.3,211.5,122.4,75.6,75.6,KC_599_AGE_CLT_STATN_BIZAEA_2022,20220101
2022,서울특별시,관악구,11620,486206,도서관,211.0,211.0,143.5,117.5,68.0,42.0,42.0,KC_599_AGE_CLT_STATN_BIZAEA_2022,20220101
2022,서울특별시,광진구,11215,334706,도서관,253.2,253.2,172.2,141.0,81.6,50.4,50.4,KC_599_AGE_CLT_STATN_BIZAEA_2022,20220101
2022,서울특별시,구로구,11530,414604,도서관,506.4,506.4,344.4,282.0,163.2,100.8,100.8,KC_599_AGE_CLT_STATN_BIZAEA_2022,20220101
2022,서울특별시,금천구,11545,244237,도서관,168.8,168.8,114.8,94.0,54.4,33.6,33.6,KC_599_AGE_CLT_STATN_BIZAEA_2022,20220101
2022,서울특별시,노원구,11350,429221,도서관,464.2,464.2,315.7,258.5,149.6,92.4,92.4,KC_599_AGE_CLT_STATN_BIZAEA_2022,20220101
2022,서울특별시,도봉구,11320,263122,도서관,295.4,295.4,200.9,164.5,95.2,58.8,58.8,KC_599_AGE_CLT_STATN_BIZAEA_2022,20220101
2022,서울특별시,동대문구,11230,340094,도서관,253.2,253.2,172.2,141.0,81.6,50.4,50.4,KC_599_AGE_CLT_STATN_BIZAEA_2022,20220101
2022,서울특별시,동작구,11590,363808,도서관,253.2,253.2,172.2,141.0,81.6,50.4,50.4,KC_599_AGE_CLT_STATN_BIZAEA_2022,20220101
2022,서울특별시,마포구,11440,344331,도서관,295.4,295.4,200.9,164.5,95.2,58.8,58.8,KC_599_AGE_CLT_STATN_BIZAEA_2022,20220101
2022,서울특별시,서대문구,11410,303136,도서관,168.8,168.8,114.8,94.0,54.4,33.6,33.6,KC_599_AGE_CLT_STATN_BIZAEA_2022,20220101
2022,서울특별시,서초구,11650,361167,도서관,337.6,337.6,229.6,188.0,108.8,67.2,67.2,KC_599_AGE_CLT_STATN_BIZAEA_2022,20220101
2022,서울특별시,성동구,11200,271897,도서관,337.6,337.6,229.6,188.0,108.8,67.2,67.2,KC_599_AGE_CLT_STATN_BIZAEA_2022,20220101
2022,서울특별시,성북구,11290,399535,도서관,464.2,464.2,315.7,258.5,149.6,92.4,92.4,KC_599_AGE_CLT_STATN_BIZAEA_2022,20220101
2022,서울특별시,송파구,11710,567783,도서관,506.4,506.4,344.4,282.0,163.2,100.8,100.8,KC_599_AGE_CLT_STATN_BIZAEA_2022,20220101
2022,서울특별시,양천구,11470,362776,도서관,337.6,337.6,229.6,188.0,108.8,67.2,67.2,KC_599_AGE_CLT_STATN_BIZAEA_2022,20220101
2022,서울특별시,영등포구,11560,408384,도서관,211.0,211.0,143.5,117.5,68.0,42.0,42.0,KC_599_AGE_CLT_STATN_BIZAEA_2022,20220101
2022,서울특별시,용산구,11170,228398,도서관,168.8,168.8,114.8,94.0,54.4,33.6,33.6,KC_599_AGE_CLT_STATN_BIZAEA_2022,20220101
2022,서울특별시,은평구,11380,388102,도서관,379.8,379.8,258.3,211.5,122.4,75.6,75.6,KC_599_AGE_CLT_STATN_BIZAEA_2022,20220101
2022,서울특별시,종로구,11110,158492,도서관,295.4,295.4,200.9,164.5,95.2,58.8,58.8,KC_599_AGE_CLT_STATN_BIZAEA_2022,20220101
2022,서울특별시,중구,11140,138972,도서관,253.2,253.2,172.2,141.0,81.6,50.4,50.4,KC_599_AGE_CLT_STATN_BIZAEA_2022,20220101
2022,서울특별시,중랑구,11260,333193,도서관,211.0,211.0,143.5,117.5,68.0,42.0,42.0,KC_599_AGE_CLT_STATN_BIZAEA_2022,20220101
2022,서울특별시,강남구,11680,490424,박물관,61.6,61.6,92.8,79.2,36.0,34.4,22.4,KC_599_AGE_CLT_STATN_BIZAEA_2022,20220101
2022,서울특별시,강동구,11740,374106,박물관,15.4,15.4,23.2,19.8,9.0,8.6,5.6,KC_599_AGE_CLT_STATN_BIZAEA_2022,20220101
2022,서울특별시,강북구,11305,264535,박물관,23.1,23.1,34.8,29.7,13.5,12.9,8.4,KC_599_AGE_CLT_STATN_BIZAEA_2022,20220101
2022,서울특별시,강서구,11500,489825,박물관,15.4,15.4,23.2,19.8,9.0,8.6,5.6,KC_599_AGE_CLT_STATN_BIZAEA_2022,20220101
2022,서울특별시,관악구,11620,486206,박물관,15.4,15.4,23.2,19.8,9.0,8.6,5.6,KC_599_AGE_CLT_STATN_BIZAEA_2022,20220101
2022,서울특별시,광진구,11215,334706,박물관,23.1,23.1,34.8,29.7,13.5,12.9,8.4,KC_599_AGE_CLT_STATN_BIZAEA_2022,20220101
2022,서울특별시,구로구,11530,414604,박물관,7.7,7.7,11.6,9.9,4.5,4.3,2.8,KC_599_AGE_CLT_STATN_BIZAEA_2022,20220101
2022,서울특별시,금천구,11545,244237,박물관,7.7,7.7,11.6,9.9,4.5,4.3,2.8,KC_599_AGE_CLT_STATN_BIZAEA_2022,20220101
2022,서울특별시,노원구,11350,429221,박물관,30.8,30.8,46.4,39.6,18.0,17.2,11.2,KC_599_AGE_CLT_STATN_BIZAEA_2022,20220101
2022,서울특별시,도봉구,11320,263122,박물관,15.4,15.4,23.2,19.8,9.0,8.6,5.6,KC_599_AGE_CLT_STATN_BIZAEA_2022,20220101
2022,서울특별시,동대문구,11230,340094,박물관,38.5,38.5,58.0,49.5,22.5,21.5,14.0,KC_599_AGE_CLT_STATN_BIZAEA_2022,20220101
2022,서울특별시,동작구,11590,363808,박물관,7.7,7.7,11.6,9.9,4.5,4.3,2.8,KC_599_AGE_CLT_STATN_BIZAEA_2022,20220101
2022,서울특별시,마포구,11440,344331,박물관,38.5,38.5,58.0,49.5,22.5,21.5,14.0,KC_599_AGE_CLT_STATN_BIZAEA_2022,20220101
2022,서울특별시,서대문구,11410,303136,박물관,53.9,53.9,81.2,69.3,31.5,30.1,19.6,KC_599_AGE_CLT_STATN_BIZAEA_2022,20220101
2022,서울특별시,서초구,11650,361167,박물관,30.8,30.8,46.4,39.6,18.0,17.2,11.2,KC_599_AGE_CLT_STATN_BIZAEA_2022,20220101
2022,서울특별시,성동구,11200,271897,박물관,23.1,23.1,34.8,29.7,13.5,12.9,8.4,KC_599_AGE_CLT_STATN_BIZAEA_2022,20220101
2022,서울특별시,성북구,11290,399535,박물관,69.3,69.3,104.4,89.1,40.5,38.7,25.2,KC_599_AGE_CLT_STATN_BIZAEA_2022,20220101
2022,서울특별시,송파구,11710,567783,박물관,38.5,38.5,58.0,49.5,22.5,21.5,14.0,KC_599_AGE_CLT_STATN_BIZAEA_2022,20220101
2022,서울특별시,양천구,11470,362776,박물관,7.7,7.7,11.6,9.9,4.5,4.3,2.8,KC_599_AGE_CLT_STATN_BIZAEA_2022,20220101
2022,서울특별시,영등포구,11560,408384,박물관,15.4,15.4,23.2,19.8,9.0,8.6,5.6,KC_599_AGE_CLT_STATN_BIZAEA_2022,20220101
2022,서울특별시,용산구,11170,228398,박물관,53.9,53.9,81.2,69.3,31.5,30.1,19.6,KC_599_AGE_CLT_STATN_BIZAEA_2022,20220101
2022,서울특별시,은평구,11380,388102,박물관,15.4,15.4,23.2,19.8,9.0,8.6,5.6,KC_599_AGE_CLT_STATN_BIZAEA_2022,20220101
2022,서울특별시,종로구,11110,158492,박물관,284.9,284.9,429.2,366.3,166.5,159.1,103.6,KC_599_AGE_CLT_STATN_BIZAEA_2022,20220101
2022,서울특별시,중구,11140,138972,박물관,130.9,130.9,197.2,168.3,76.5,73.1,47.6,KC_599_AGE_CLT_STATN_BIZAEA_2022,20220101
2022,서울특별시,중랑구,11260,333193,박물관,7.7,7.7,11.6,9.9,4.5,4.3,2.8,KC_599_AGE_CLT_STATN_BIZAEA_2022,20220101
2022,서울특별시,강남구,11680,490424,전시관,54.4,74.8,46.4,37.2,20.8,16.0,10.4,KC_599_AGE_CLT_STATN_BIZAEA_2022,20220101
2022,서울특별시,강동구,11740,374106,전시관,13.6,18.7,11.6,9.3,5.2,4.0,2.6,KC_599_AGE_CLT_STATN_BIZAEA_2022,20220101
2022,서울특별시,강북구,11305,264535,전시관,13.6,18.7,11.6,9.3,5.2,4.0,2.6,KC_599_AGE_CLT_STATN_BIZAEA_2022,20220101
2022,서울특별시,강서구,11500,489825,전시관,13.6,18.7,11.6,9.3,5.2,4.0,2.6,KC_599_AGE_CLT_STATN_BIZAEA_2022,20220101
2022,서울특별시,관악구,11620,486206,전시관,13.6,18.7,11.6,9.3,5.2,4.0,2.6,KC_599_AGE_CLT_STATN_BIZAEA_2022,20220101
2022,서울특별시,광진구,11215,334706,전시관,13.6,18.7,11.6,9.3,5.2,4.0,2.6,KC_599_AGE_CLT_STATN_BIZAEA_2022,20220101
2022,서울특별시,구로구,11530,414604,전시관,13.6,18.7,11.6,9.3,5.2,4.0,2.6,KC_599_AGE_CLT_STATN_BIZAEA_2022,20220101
2022,서울특별시,금천구,11545,244237,전시관,13.6,18.7,11.6,9.3,5.2,4.0,2.6,KC_599_AGE_CLT_STATN_BIZAEA_2022,20220101
2022,서울특별시,노원구,11350,429221,전시관,27.2,37.4,23.2,18.6,10.4,8.0,5.2,KC_599_AGE_CLT_STATN_BIZAEA_2022,20220101
2022,서울특별시,도봉구,11320,263122,전시관,13.6,18.7,11.6,9.3,5.2,4.0,2.6,KC_599_AGE_CLT_STATN_BIZAEA_2022,20220101
2022,서울특별시,동대문구,11230,340094,전시관,13.6,18.7,11.6,9.3,5.2,4.0,2.6,KC_599_AGE_CLT_STATN_BIZAEA_2022,20220101
2022,서울특별시,동작구,11590,363808,전시관,13.6,18.7,11.6,9.3,5.2,4.0,2.6,KC_599_AGE_CLT_STATN_BIZAEA_2022,20220101
2022,서울특별시,마포구,11440,344331,전시관,13.6,18.7,11.6,9.3,5.2,4.0,2.6,KC_599_AGE_CLT_STATN_BIZAEA_2022,20220101
2022,서울특별시,서대문구,11410,303136,전시관,13.6,18.7,11.6,9.3,5.2,4.0,2.6,KC_599_AGE_CLT_STATN_BIZAEA_2022,20220101
2022,서울특별시,서초구,11650,361167,전시관,68.0,93.5,58.0,46.5,26.0,20.0,13.0,KC_599_AGE_CLT_STATN_BIZAEA_2022,20220101
2022,서울특별시,성동구,11200,271897,전시관,40.8,56.1,34.8,27.9,15.6,12.0,7.8,KC_599_AGE_CLT_STATN_BIZAEA_2022,20220101
2022,서울특별시,성북구,11290,399535,전시관,54.4,74.8,46.4,37.2,20.8,16.0,10.4,KC_599_AGE_CLT_STATN_BIZAEA_2022,20220101
2022,서울특별시,송파구,11710,567783,전시관,27.2,37.4,23.2,18.6,10.4,8.0,5.2,KC_599_AGE_CLT_STATN_BIZAEA_2022,20220101
2022,서울특별시,양천구,11470,362776,전시관,13.6,18.7,11.6,9.3,5.2,4.0,2.6,KC_599_AGE_CLT_STATN_BIZAEA_2022,20220101
2022,서울특별시,영등포구,11560,408384,전시관,13.6,18.7,11.6,9.3,5.2,4.0,2.6,KC_599_AGE_CLT_STATN_BIZAEA_2022,20220101
2022,서울특별시,용산구,11170,228398,전시관,54.4,74.8,46.4,37.2,20.8,16.0,10.4,KC_599_AGE_CLT_STATN_BIZAEA_2022,20220101
2022,서울특별시,은평구,11380,388102,전시관,13.6,18.7,11.6,9.3,5.2,4.0,2.6,KC_599_AGE_CLT_STATN_BIZAEA_2022,20220101
2022,서울특별시,종로구,11110,158492,전시관,258.4,355.3,220.4,176.7,98.8,76.0,49.4,KC_599_AGE_CLT_STATN_BIZAEA_2022,20220101
2022,서울특별시,중구,11140,138972,전시관,40.8,56.1,34.8,27.9,15.6,12.0,7.8,KC_599_AGE_CLT_STATN_BIZAEA_2022,20220101
2022,서울특별시,중랑구,11260,333193,전시관,13.6,18.7,11.6,9.3,5.2,4.0,2.6,KC_599_AGE_CLT_STATN_BIZAEA_2022,20220101
2022,서울특별시,강남구,11680,490424,연극장,171.6,259.6,180.4,121.0,59.4,46.2,13.2,KC_599_AGE_CLT_STATN_BIZAEA_2022,20220101
2022,서울특별시,강동구,11740,374106,연극장,31.2,47.2,32.8,22.0,10.8,8.4,2.4,KC_599_AGE_CLT_STATN_BIZAEA_2022,20220101
2022,서울특별시,강북구,11305,264535,연극장,23.4,35.4,24.6,16.5,8.1,6.3,1.8,KC_599_AGE_CLT_STATN_BIZAEA_2022,20220101
2022,서울특별시,강서구,11500,489825,연극장,15.6,23.6,16.4,11.0,5.4,4.2,1.2,KC_599_AGE_CLT_STATN_BIZAEA_2022,20220101
2022,서울특별시,관악구,11620,486206,연극장,7.8,11.8,8.2,5.5,2.7,2.1,0.6,KC_599_AGE_CLT_STATN_BIZAEA_2022,20220101
2022,서울특별시,광진구,11215,334706,연극장,62.4,94.4,65.6,44.0,21.6,16.8,4.8,KC_599_AGE_CLT_STATN_BIZAEA_2022,20220101
2022,서울특별시,구로구,11530,414604,연극장,62.4,94.4,65.6,44.0,21.6,16.8,4.8,KC_599_AGE_CLT_STATN_BIZAEA_2022,20220101
2022,서울특별시,금천구,11545,244237,연극장,15.6,23.6,16.4,11.0,5.4,4.2,1.2,KC_599_AGE_CLT_STATN_BIZAEA_2022,20220101
2022,서울특별시,노원구,11350,429221,연극장,15.6,23.6,16.4,11.0,5.4,4.2,1.2,KC_599_AGE_CLT_STATN_BIZAEA_2022,20220101
2022,서울특별시,도봉구,11320,263122,연극장,31.2,47.2,32.8,22.0,10.8,8.4,2.4,KC_599_AGE_CLT_STATN_BIZAEA_2022,20220101
2022,서울특별시,동대문구,11230,340094,연극장,7.8,11.8,8.2,5.5,2.7,2.1,0.6,KC_599_AGE_CLT_STATN_BIZAEA_2022,20220101
2022,서울특별시,동작구,11590,363808,연극장,7.8,11.8,8.2,5.5,2.7,2.1,0.6,KC_599_AGE_CLT_STATN_BIZAEA_2022,20220101
2022,서울특별시,마포구,11440,344331,연극장,187.2,283.2,196.8,132.0,64.8,50.4,14.4,KC_599_AGE_CLT_STATN_BIZAEA_2022,20220101
2022,서울특별시,서대문구,11410,303136,연극장,62.4,94.4,65.6,44.0,21.6,16.8,4.8,KC_599_AGE_CLT_STATN_BIZAEA_2022,20220101
2022,서울특별시,서초구,11650,361167,연극장,93.6,141.6,98.4,66.0,32.4,25.2,7.2,KC_599_AGE_CLT_STATN_BIZAEA_2022,20220101
2022,서울특별시,성동구,11200,271897,연극장,54.6,82.6,57.4,38.5,18.9,14.7,4.2,KC_599_AGE_CLT_STATN_BIZAEA_2022,20220101
2022,서울특별시,성북구,11290,399535,연극장,78.0,118.0,82.0,55.0,27.0,21.0,6.0,KC_599_AGE_CLT_STATN_BIZAEA_2022,20220101
2022,서울특별시,송파구,11710,567783,연극장,39.0,59.0,41.0,27.5,13.5,10.5,3.0,KC_599_AGE_CLT_STATN_BIZAEA_2022,20220101
2022,서울특별시,양천구,11470,362776,연극장,31.2,47.2,32.8,22.0,10.8,8.4,2.4,KC_599_AGE_CLT_STATN_BIZAEA_2022,20220101
2022,서울특별시,영등포구,11560,408384,연극장,31.2,47.2,32.8,22.0,10.8,8.4,2.4,KC_599_AGE_CLT_STATN_BIZAEA_2022,20220101
2022,서울특별시,용산구,11170,228398,연극장,54.6,82.6,57.4,38.5,18.9,14.7,4.2,KC_599_AGE_CLT_STATN_BIZAEA_2022,20220101
2022,서울특별시,은평구,11380,388102,연극장,7.8,11.8,8.2,5.5,2.7,2.1,0.6,KC_599_AGE_CLT_STATN_BIZAEA_2022,20220101
2022,서울특별시,종로구,11110,158492,연극장,920.4,1392.4,967.6,649.0,318.6,247.8,70.8,KC_599_AGE_CLT_STATN_BIZAEA_2022,20220101
2022,서울특별시,중구,11140,138972,연극장,124.8,188.8,131.2,88.0,43.2,33.6,9.6,KC_599_AGE_CLT_STATN_BIZAEA_2022,20220101
2022,서울특별시,중랑구,11260,333193,연극장,7.8,11.8,8.2,5.5,2.7,2.1,0.6,KC_599_AGE_CLT_STATN_BIZAEA_2022,20220101
2023,서울특별시,강남구,11680,512111,도서관,618.0,618.0,333.0,238.5,129.0,87.0,87.0,KC_599_AGE_CLT_STATN_BIZAEA_2023,20240618
2023,서울특별시,강동구,11740,386466,도서관,370.8,370.8,199.8,143.1,77.4,52.2,52.2,KC_599_AGE_CLT_STATN_BIZAEA_2023,20240618
2023,서울특별시,강북구,11305,266904,도서관,288.4,288.4,155.4,111.3,60.2,40.6,40.6,KC_599_AGE_CLT_STATN_BIZAEA_2023,20240618
2023,서울특별시,강서구,11500,509911,도서관,370.8,370.8,199.8,143.1,77.4,52.2,52.2,KC_599_AGE_CLT_STATN_BIZAEA_2023,20240618
2023,서울특별시,관악구,11620,497254,도서관,206.0,206.0,111.0,79.5,43.0,29.0,29.0,KC_599_AGE_CLT_STATN_BIZAEA_2023,20240618
2023,서울특별시,광진구,11215,346162,도서관,288.4,288.4,155.4,111.3,60.2,40.6,40.6,KC_599_AGE_CLT_STATN_BIZAEA_2023,20240618
2023,서울특별시,구로구,11530,426333,도서관,494.4,494.4,266.4,190.8,103.2,69.6,69.6,KC_599_AGE_CLT_STATN_BIZAEA_2023,20240618
2023,서울특별시,금천구,11545,253011,도서관,164.8,164.8,88.8,63.6,34.4,23.2,23.2,KC_599_AGE_CLT_STATN_BIZAEA_2023,20240618
2023,서울특별시,노원구,11350,432392,도서관,370.8,370.8,199.8,143.1,77.4,52.2,52.2,KC_599_AGE_CLT_STATN_BIZAEA_2023,20240618
2023,서울특별시,도봉구,11320,273743,도서관,370.8,370.8,199.8,143.1,77.4,52.2,52.2,KC_599_AGE_CLT_STATN_BIZAEA_2023,20240618
2023,서울특별시,동대문구,11230,354780,도서관,329.6,329.6,177.6,127.2,68.8,46.4,46.4,KC_599_AGE_CLT_STATN_BIZAEA_2023,20240618
2023,서울특별시,동작구,11590,372458,도서관,288.4,288.4,155.4,111.3,60.2,40.6,40.6,KC_599_AGE_CLT_STATN_BIZAEA_2023,20240618
2023,서울특별시,마포구,11440,362197,도서관,247.2,247.2,133.2,95.4,51.6,34.8,34.8,KC_599_AGE_CLT_STATN_BIZAEA_2023,20240618
2023,서울특별시,서대문구,11410,303823,도서관,164.8,164.8,88.8,63.6,34.4,23.2,23.2,KC_599_AGE_CLT_STATN_BIZAEA_2023,20240618
2023,서울특별시,서초구,11650,371863,도서관,412.0,412.0,222.0,159.0,86.0,58.0,58.0,KC_599_AGE_CLT_STATN_BIZAEA_2023,20240618
2023,서울특별시,성동구,11200,275818,도서관,288.4,288.4,155.4,111.3,60.2,40.6,40.6,KC_599_AGE_CLT_STATN_BIZAEA_2023,20240618
2023,서울특별시,성북구,11290,413312,도서관,535.6,535.6,288.6,206.7,111.8,75.4,75.4,KC_599_AGE_CLT_STATN_BIZAEA_2023,20240618
2023,서울특별시,송파구,11710,592985,도서관,494.4,494.4,266.4,190.8,103.2,69.6,69.6,KC_599_AGE_CLT_STATN_BIZAEA_2023,20240618
2023,서울특별시,양천구,11470,381187,도서관,412.0,412.0,222.0,159.0,86.0,58.0,58.0,KC_599_AGE_CLT_STATN_BIZAEA_2023,20240618
2023,서울특별시,영등포구,11560,426573,도서관,247.2,247.2,133.2,95.4,51.6,34.8,34.8,KC_599_AGE_CLT_STATN_BIZAEA_2023,20240618
2023,서울특별시,용산구,11170,238166,도서관,164.8,164.8,88.8,63.6,34.4,23.2,23.2,KC_599_AGE_CLT_STATN_BIZAEA_2023,20240618
2023,서울특별시,은평구,11380,400639,도서관,329.6,329.6,177.6,127.2,68.8,46.4,46.4,KC_599_AGE_CLT_STATN_BIZAEA_2023,20240618
2023,서울특별시,종로구,11110,165617,도서관,288.4,288.4,155.4,111.3,60.2,40.6,40.6,KC_599_AGE_CLT_STATN_BIZAEA_2023,20240618
2023,서울특별시,중구,11140,149384,도서관,370.8,370.8,199.8,143.1,77.4,52.2,52.2,KC_599_AGE_CLT_STATN_BIZAEA_2023,20240618
2023,서울특별시,중랑구,11260,342433,도서관,206.0,206.0,111.0,79.5,43.0,29.0,29.0,KC_599_AGE_CLT_STATN_BIZAEA_2023,20240618
2023,서울특별시,강남구,11680,512111,박물관,80.8,75.2,115.2,123.2,58.4,40.0,22.4,KC_599_AGE_CLT_STATN_BIZAEA_2023,20240618
2023,서울특별시,강동구,11740,386466,박물관,20.2,18.8,28.8,30.8,14.6,10.0,5.6,KC_599_AGE_CLT_STATN_BIZAEA_2023,20240618
2023,서울특별시,강북구,11305,266904,박물관,30.3,28.2,43.2,46.2,21.9,15.0,8.4,KC_599_AGE_CLT_STATN_BIZAEA_2023,20240618
2023,서울특별시,강서구,11500,509911,박물관,30.3,28.2,43.2,46.2,21.9,15.0,8.4,KC_599_AGE_CLT_STATN_BIZAEA_2023,20240618
2023,서울특별시,관악구,11620,497254,박물관,20.2,18.8,28.8,30.8,14.6,10.0,5.6,KC_599_AGE_CLT_STATN_BIZAEA_2023,20240618
2023,서울특별시,광진구,11215,346162,박물관,30.3,28.2,43.2,46.2,21.9,15.0,8.4,KC_599_AGE_CLT_STATN_BIZAEA_2023,20240618
2023,서울특별시,구로구,11530,426333,박물관,20.2,18.8,28.8,30.8,14.6,10.0,5.6,KC_599_AGE_CLT_STATN_BIZAEA_2023,20240618
2023,서울특별시,금천구,11545,253011,박물관,10.1,9.4,14.4,15.4,7.3,5.0,2.8,KC_599_AGE_CLT_STATN_BIZAEA_2023,20240618
2023,서울특별시,노원구,11350,432392,박물관,40.4,37.6,57.6,61.6,29.2,20.0,11.2,KC_599_AGE_CLT_STATN_BIZAEA_2023,20240618
2023,서울특별시,도봉구,11320,273743,박물관,20.2,18.8,28.8,30.8,14.6,10.0,5.6,KC_599_AGE_CLT_STATN_BIZAEA_2023,20240618
2023,서울특별시,동대문구,11230,354780,박물관,50.5,47.0,72.0,77.0,36.5,25.0,14.0,KC_599_AGE_CLT_STATN_BIZAEA_2023,20240618
2023,서울특별시,동작구,11590,372458,박물관,10.1,9.4,14.4,15.4,7.3,5.0,2.8,KC_599_AGE_CLT_STATN_BIZAEA_2023,20240618
2023,서울특별시,마포구,11440,362197,박물관,50.5,47.0,72.0,77.0,36.5,25.0,14.0,KC_599_AGE_CLT_STATN_BIZAEA_2023,20240618
2023,서울특별시,서대문구,11410,303823,박물관,80.8,75.2,115.2,123.2,58.4,40.0,22.4,KC_599_AGE_CLT_STATN_BIZAEA_2023,20240618
2023,서울특별시,서초구,11650,371863,박물관,40.4,37.6,57.6,61.6,29.2,20.0,11.2,KC_599_AGE_CLT_STATN_BIZAEA_2023,20240618
2023,서울특별시,성동구,11200,275818,박물관,30.3,28.2,43.2,46.2,21.9,15.0,8.4,KC_599_AGE_CLT_STATN_BIZAEA_2023,20240618
2023,서울특별시,성북구,11290,413312,박물관,90.9,84.6,129.6,138.6,65.7,45.0,25.2,KC_599_AGE_CLT_STATN_BIZAEA_2023,20240618
2023,서울특별시,송파구,11710,592985,박물관,50.5,47.0,72.0,77.0,36.5,25.0,14.0,KC_599_AGE_CLT_STATN_BIZAEA_2023,20240618
2023,서울특별시,양천구,11470,381187,박물관,10.1,9.4,14.4,15.4,7.3,5.0,2.8,KC_599_AGE_CLT_STATN_BIZAEA_2023,20240618
2023,서울특별시,영등포구,11560,426573,박물관,20.2,18.8,28.8,30.8,14.6,10.0,5.6,KC_599_AGE_CLT_STATN_BIZAEA_2023,20240618
2023,서울특별시,용산구,11170,238166,박물관,80.8,75.2,115.2,123.2,58.4,40.0,22.4,KC_599_AGE_CLT_STATN_BIZAEA_2023,20240618
2023,서울특별시,은평구,11380,400639,박물관,20.2,18.8,28.8,30.8,14.6,10.0,5.6,KC_599_AGE_CLT_STATN_BIZAEA_2023,20240618
2023,서울특별시,종로구,11110,165617,박물관,383.8,357.2,547.2,585.2,277.4,190.0,106.4,KC_599_AGE_CLT_STATN_BIZAEA_2023,20240618
2023,서울특별시,중구,11140,149384,박물관,171.7,159.8,244.8,261.8,124.1,85.0,47.6,KC_599_AGE_CLT_STATN_BIZAEA_2023,20240618
2023,서울특별시,중랑구,11260,342433,박물관,10.1,9.4,14.4,15.4,7.3,5.0,2.8,KC_599_AGE_CLT_STATN_BIZAEA_2023,20240618
2023,서울특별시,강남구,11680,512111,연극장,2575.6,3671.6,3123.6,2137.2,1287.8,712.4,191.8,KC_599_AGE_CLT_STATN_BIZAEA_2023,20240618
2023,서울특별시,강동구,11740,386466,연극장,150.4,214.4,182.4,124.8,75.2,41.6,11.2,KC_599_AGE_CLT_STATN_BIZAEA_2023,20240618
2023,서울특별시,강북구,11305,266904,연극장,263.2,375.2,319.2,218.4,131.6,72.8,19.6,KC_599_AGE_CLT_STATN_BIZAEA_2023,20240618
2023,서울특별시,강서구,11500,509911,연극장,263.2,375.2,319.2,218.4,131.6,72.8,19.6,KC_599_AGE_CLT_STATN_BIZAEA_2023,20240618
2023,서울특별시,관악구,11620,497254,연극장,263.2,375.2,319.2,218.4,131.6,72.8,19.6,KC_599_AGE_CLT_STATN_BIZAEA_2023,20240618
2023,서울특별시,광진구,11215,346162,연극장,545.2,777.2,661.2,452.4,272.6,150.8,40.6,KC_599_AGE_CLT_STATN_BIZAEA_2023,20240618
2023,서울특별시,구로구,11530,426333,연극장,263.2,375.2,319.2,218.4,131.6,72.8,19.6,KC_599_AGE_CLT_STATN_BIZAEA_2023,20240618
2023,서울특별시,금천구,11545,253011,연극장,206.8,294.8,250.8,171.6,103.4,57.2,15.4,KC_599_AGE_CLT_STATN_BIZAEA_2023,20240618
2023,서울특별시,노원구,11350,432392,연극장,188.0,268.0,228.0,156.0,94.0,52.0,14.0,KC_599_AGE_CLT_STATN_BIZAEA_2023,20240618
2023,서울특별시,도봉구,11320,273743,연극장,94.0,134.0,114.0,78.0,47.0,26.0,7.0,KC_599_AGE_CLT_STATN_BIZAEA_2023,20240618
2023,서울특별시,동대문구,11230,354780,연극장,263.2,375.2,319.2,218.4,131.6,72.8,19.6,KC_599_AGE_CLT_STATN_BIZAEA_2023,20240618
2023,서울특별시,동작구,11590,372458,연극장,319.6,455.6,387.6,265.2,159.8,88.4,23.8,KC_599_AGE_CLT_STATN_BIZAEA_2023,20240618
2023,서울특별시,마포구,11440,362197,연극장,3910.4,5574.4,4742.4,3244.8,1955.2,1081.6,291.2,KC_599_AGE_CLT_STATN_BIZAEA_2023,20240618
2023,서울특별시,서대문구,11410,303823,연극장,1052.8,1500.8,1276.8,873.6,526.4,291.2,78.4,KC_599_AGE_CLT_STATN_BIZAEA_2023,20240618
2023,서울특별시,서초구,11650,371863,연극장,1485.2,2117.2,1801.2,1232.4,742.6,410.8,110.6,KC_599_AGE_CLT_STATN_BIZAEA_2023,20240618
2023,서울특별시,성동구,11200,275818,연극장,921.2,1313.2,1117.2,764.4,460.6,254.8,68.6,KC_599_AGE_CLT_STATN_BIZAEA_2023,20240618
2023,서울특별시,성북구,11290,413312,연극장,827.2,1179.2,1003.2,686.4,413.6,228.8,61.6,KC_599_AGE_CLT_STATN_BIZAEA_2023,20240618
2023,서울특별시,송파구,11710,592985,연극장,470.0,670.0,570.0,390.0,235.0,130.0,35.0,KC_599_AGE_CLT_STATN_BIZAEA_2023,20240618
2023,서울특별시,양천구,11470,381187,연극장,206.8,294.8,250.8,171.6,103.4,57.2,15.4,KC_599_AGE_CLT_STATN_BIZAEA_2023,20240618
2023,서울특별시,영등포구,11560,426573,연극장,902.4,1286.4,1094.4,748.8,451.2,249.6,67.2,KC_599_AGE_CLT_STATN_BIZAEA_2023,20240618
2023,서울특별시,용산구,11170,238166,연극장,996.4,1420.4,1208.4,826.8,498.2,275.6,74.2,KC_599_AGE_CLT_STATN_BIZAEA_2023,20240618
2023,서울특별시,은평구,11380,400639,연극장,169.2,241.2,205.2,140.4,84.6,46.8,12.6,KC_599_AGE_CLT_STATN_BIZAEA_2023,20240618
2023,서울특별시,종로구,11110,165617,연극장,5489.6,7825.6,6657.6,4555.2,2744.8,1518.4,408.8,KC_599_AGE_CLT_STATN_BIZAEA_2023,20240618
2023,서울특별시,중구,11140,149384,연극장,1165.6,1661.6,1413.6,967.2,582.8,322.4,86.8,KC_599_AGE_CLT_STATN_BIZAEA_2023,20240618
2023,서울특별시,중랑구,11260,342433,연극장,37.6,53.6,45.6,31.2,18.8,10.4,2.8,KC_599_AGE_CLT_STATN_BIZAEA_2023,20240618
2023,서울특별시,강남구,11680,512111,전시관,67.2,68.8,66.0,52.4,30.0,23.6,13.2,KC_599_AGE_CLT_STATN_BIZAEA_2023,20240618
2023,서울특별시,강동구,11740,386466,전시관,16.8,17.2,16.5,13.1,7.5,5.9,3.3,KC_599_AGE_CLT_STATN_BIZAEA_2023,20240618
2023,서울특별시,강북구,11305,266904,전시관,16.8,17.2,16.5,13.1,7.5,5.9,3.3,KC_599_AGE_CLT_STATN_BIZAEA_2023,20240618
2023,서울특별시,강서구,11500,509911,전시관,16.8,17.2,16.5,13.1,7.5,5.9,3.3,KC_599_AGE_CLT_STATN_BIZAEA_2023,20240618
2023,서울특별시,관악구,11620,497254,전시관,16.8,17.2,16.5,13.1,7.5,5.9,3.3,KC_599_AGE_CLT_STATN_BIZAEA_2023,20240618
2023,서울특별시,광진구,11215,346162,전시관,16.8,17.2,16.5,13.1,7.5,5.9,3.3,KC_599_AGE_CLT_STATN_BIZAEA_2023,20240618
2023,서울특별시,구로구,11530,426333,전시관,16.8,17.2,16.5,13.1,7.5,5.9,3.3,KC_599_AGE_CLT_STATN_BIZAEA_2023,20240618
2023,서울특별시,금천구,11545,253011,전시관,16.8,17.2,16.5,13.1,7.5,5.9,3.3,KC_599_AGE_CLT_STATN_BIZAEA_2023,20240618
2023,서울특별시,노원구,11350,432392,전시관,33.6,34.4,33.0,26.2,15.0,11.8,6.6,KC_599_AGE_CLT_STATN_BIZAEA_2023,20240618
2023,서울특별시,도봉구,11320,273743,전시관,16.8,17.2,16.5,13.1,7.5,5.9,3.3,KC_599_AGE_CLT_STATN_BIZAEA_2023,20240618
2023,서울특별시,동대문구,11230,354780,전시관,16.8,17.2,16.5,13.1,7.5,5.9,3.3,KC_599_AGE_CLT_STATN_BIZAEA_2023,20240618
2023,서울특별시,동작구,11590,372458,전시관,16.8,17.2,16.5,13.1,7.5,5.9,3.3,KC_599_AGE_CLT_STATN_BIZAEA_2023,20240618
2023,서울특별시,마포구,11440,362197,전시관,16.8,17.2,16.5,13.1,7.5,5.9,3.3,KC_599_AGE_CLT_STATN_BIZAEA_2023,20240618
2023,서울특별시,서대문구,11410,303823,전시관,16.8,17.2,16.5,13.1,7.5,5.9,3.3,KC_599_AGE_CLT_STATN_BIZAEA_2023,20240618
2023,서울특별시,서초구,11650,371863,전시관,84.0,86.0,82.5,65.5,37.5,29.5,16.5,KC_599_AGE_CLT_STATN_BIZAEA_2023,20240618
2023,서울특별시,성동구,11200,275818,전시관,33.6,34.4,33.0,26.2,15.0,11.8,6.6,KC_599_AGE_CLT_STATN_BIZAEA_2023,20240618
2023,서울특별시,성북구,11290,413312,전시관,67.2,68.8,66.0,52.4,30.0,23.6,13.2,KC_599_AGE_CLT_STATN_BIZAEA_2023,20240618
2023,서울특별시,송파구,11710,592985,전시관,50.4,51.6,49.5,39.3,22.5,17.7,9.9,KC_599_AGE_CLT_STATN_BIZAEA_2023,20240618
2023,서울특별시,양천구,11470,381187,전시관,16.8,17.2,16.5,13.1,7.5,5.9,3.3,KC_599_AGE_CLT_STATN_BIZAEA_2023,20240618
2023,서울특별시,영등포구,11560,426573,전시관,16.8,17.2,16.5,13.1,7.5,5.9,3.3,KC_599_AGE_CLT_STATN_BIZAEA_2023,20240618
2023,서울특별시,용산구,11170,238166,전시관,67.2,68.8,66.0,52.4,30.0,23.6,13.2,KC_599_AGE_CLT_STATN_BIZAEA_2023,20240618
2023,서울특별시,은평구,11380,400639,전시관,16.8,17.2,16.5,13.1,7.5,5.9,3.3,KC_599_AGE_CLT_STATN_BIZAEA_2023,20240618
2023,서울특별시,종로구,11110,165617,전시관,302.4,309.6,297.0,235.8,135.0,106.2,59.4,KC_599_AGE_CLT_STATN_BIZAEA_2023,20240618
2023,서울특별시,중구,11140,149384,전시관,50.4,51.6,49.5,39.3,22.5,17.7,9.9,KC_599_AGE_CLT_STATN_BIZAEA_2023,20240618
2023,서울특별시,중랑구,11260,342433,전시관,16.8,17.2,16.5,13.1,7.5,5.9,3.3,KC_599_AGE_CLT_STATN_BIZAEA_2023,20240618
2024,서울특별시,강남구,11680,525205,연극장,1107.6,1872.0,1326.0,1170.0,702.0,390.0,358.8,KC_599_AGE_CLT_STATN_BIZAEA_2024,20250612
2024,서울특별시,강동구,11740,390190,연극장,71.0,120.0,85.0,75.0,45.0,25.0,23.0,KC_599_AGE_CLT_STATN_BIZAEA_2024,20250612
2024,서울특별시,강북구,11305,262562,연극장,92.3,156.0,110.5,97.5,58.5,32.5,29.9,KC_599_AGE_CLT_STATN_BIZAEA_2024,20250612
2024,서울특별시,강서구,11500,505859,연극장,120.7,204.0,144.5,127.5,76.5,42.5,39.1,KC_599_AGE_CLT_STATN_BIZAEA_2024,20250612
2024,서울특별시,관악구,11620,494294,연극장,113.6,192.0,136.0,120.0,72.0,40.0,36.8,KC_599_AGE_CLT_STATN_BIZAEA_2024,20250612
2024,서울특별시,광진구,11215,346378,연극장,220.1,372.0,263.5,232.5,139.5,77.5,71.3,KC_599_AGE_CLT_STATN_BIZAEA_2024,20250612
2024,서울특별시,구로구,11530,425199,연극장,99.4,168.0,119.0,105.0,63.0,35.0,32.2,KC_599_AGE_CLT_STATN_BIZAEA_2024,20250612
2024,서울특별시,금천구,11545,252871,연극장,78.1,132.0,93.5,82.5,49.5,27.5,25.3,KC_599_AGE_CLT_STATN_BIZAEA_2024,20250612
2024,서울특별시,노원구,11350,428220,연극장,78.1,132.0,93.5,82.5,49.5,27.5,25.3,KC_599_AGE_CLT_STATN_BIZAEA_2024,20250612
2024,서울특별시,도봉구,11320,270437,연극장,49.7,84.0,59.5,52.5,31.5,17.5,16.1,KC_599_AGE_CLT_STATN_BIZAEA_2024,20250612
2024,서울특별시,동대문구,11230,357334,연극장,113.6,192.0,136.0,120.0,72.0,40.0,36.8,KC_599_AGE_CLT_STATN_BIZAEA_2024,20250612
2024,서울특별시,동작구,11590,370929,연극장,149.1,252.0,178.5,157.5,94.5,52.5,48.3,KC_599_AGE_CLT_STATN_BIZAEA_2024,20250612
2024,서울특별시,마포구,11440,358828,연극장,1725.3,2916.0,2065.5,1822.5,1093.5,607.5,558.9,KC_599_AGE_CLT_STATN_BIZAEA_2024,20250612
2024,서울특별시,서대문구,11410,307060,연극장,440.2,744.0,527.0,465.0,279.0,155.0,142.6,KC_599_AGE_CLT_STATN_BIZAEA_2024,20250612
2024,서울특별시,서초구,11650,375856,연극장,653.2,1104.0,782.0,690.0,414.0,230.0,211.6,KC_599_AGE_CLT_STATN_BIZAEA_2024,20250612
2024,서울특별시,성동구,11200,273609,연극장,397.6,672.0,476.0,420.0,252.0,140.0,128.8,KC_599_AGE_CLT_STATN_BIZAEA_2024,20250612
2024,서울특별시,성북구,11290,413590,연극장,369.2,624.0,442.0,390.0,234.0,130.0,119.6,KC_599_AGE_CLT_STATN_BIZAEA_2024,20250612
2024,서울특별시,송파구,11710,592432,연극장,205.9,348.0,246.5,217.5,130.5,72.5,66.7,KC_599_AGE_CLT_STATN_BIZAEA_2024,20250612
2024,서울특별시,양천구,11470,376245,연극장,99.4,168.0,119.0,105.0,63.0,35.0,32.2,KC_599_AGE_CLT_STATN_BIZAEA_2024,20250612
2024,서울특별시,영등포구,11560,427492,연극장,390.5,660.0,467.5,412.5,247.5,137.5,126.5,KC_599_AGE_CLT_STATN_BIZAEA_2024,20250612
2024,서울특별시,용산구,11170,232639,연극장,468.6,792.0,561.0,495.0,297.0,165.0,151.8,KC_599_AGE_CLT_STATN_BIZAEA_2024,20250612
2024,서울특별시,은평구,11380,396463,연극장,85.2,144.0,102.0,90.0,54.0,30.0,27.6,KC_599_AGE_CLT_STATN_BIZAEA_2024,20250612
2024,서울특별시,종로구,11110,167487,연극장,2279.1,3852.0,2728.5,2407.5,1444.5,802.5,738.3,KC_599_AGE_CLT_STATN_BIZAEA_2024,20250612
2024,서울특별시,중구,11140,151422,연극장,525.4,888.0,629.0,555.0,333.0,185.0,170.2,KC_599_AGE_CLT_STATN_BIZAEA_2024,20250612
2024,서울특별시,중랑구,11260,339354,연극장,14.2,24.0,17.0,15.0,9.0,5.0,4.6,KC_599_AGE_CLT_STATN_BIZAEA_2024,20250612
2024,서울특별시,강남구,11680,525205,박물관,92.0,75.2,103.2,99.2,41.6,29.6,15.2,KC_599_AGE_CLT_STATN_BIZAEA_2024,20250612
2024,서울특별시,강동구,11740,390190,박물관,11.5,9.4,12.9,12.4,5.2,3.7,1.9,KC_599_AGE_CLT_STATN_BIZAEA_2024,20250612
2024,서울특별시,강북구,11305,262562,박물관,34.5,28.2,38.7,37.2,15.6,11.1,5.7,KC_599_AGE_CLT_STATN_BIZAEA_2024,20250612
2024,서울특별시,강서구,11500,505859,박물관,34.5,28.2,38.7,37.2,15.6,11.1,5.7,KC_599_AGE_CLT_STATN_BIZAEA_2024,20250612
2024,서울특별시,관악구,11620,494294,박물관,11.5,9.4,12.9,12.4,5.2,3.7,1.9,KC_599_AGE_CLT_STATN_BIZAEA_2024,20250612
2024,서울특별시,광진구,11215,346378,박물관,34.5,28.2,38.7,37.2,15.6,11.1,5.7,KC_599_AGE_CLT_STATN_BIZAEA_2024,20250612
2024,서울특별시,구로구,11530,425199,박물관,23.0,18.8,25.8,24.8,10.4,7.4,3.8,KC_599_AGE_CLT_STATN_BIZAEA_2024,20250612
2024,서울특별시,금천구,11545,252871,박물관,11.5,9.4,12.9,12.4,5.2,3.7,1.9,KC_599_AGE_CLT_STATN_BIZAEA_2024,20250612
2024,서울특별시,노원구,11350,428220,박물관,34.5,28.2,38.7,37.2,15.6,11.1,5.7,KC_599_AGE_CLT_STATN_BIZAEA_2024,20250612
2024,서울특별시,도봉구,11320,270437,박물관,23.0,18.8,25.8,24.8,10.4,7.4,3.8,KC_599_AGE_CLT_STATN_BIZAEA_2024,20250612
2024,서울특별시,동대문구,11230,357334,박물관,57.5,47.0,64.5,62.0,26.0,18.5,9.5,KC_599_AGE_CLT_STATN_BIZAEA_2024,20250612
2024,서울특별시,동작구,11590,370929,박물관,11.5,9.4,12.9,12.4,5.2,3.7,1.9,KC_599_AGE_CLT_STATN_BIZAEA_2024,20250612
2024,서울특별시,마포구,11440,358828,박물관,46.0,37.6,51.6,49.6,20.8,14.8,7.6,KC_599_AGE_CLT_STATN_BIZAEA_2024,20250612
2024,서울특별시,서대문구,11410,307060,박물관,92.0,75.2,103.2,99.2,41.6,29.6,15.2,KC_599_AGE_CLT_STATN_BIZAEA_2024,20250612
2024,서울특별시,서초구,11650,375856,박물관,46.0,37.6,51.6,49.6,20.8,14.8,7.6,KC_599_AGE_CLT_STATN_BIZAEA_2024,20250612
2024,서울특별시,성동구,11200,273609,박물관,23.0,18.8,25.8,24.8,10.4,7.4,3.8,KC_599_AGE_CLT_STATN_BIZAEA_2024,20250612
2024,서울특별시,성북구,11290,413590,박물관,103.5,84.6,116.1,111.6,46.8,33.3,17.1,KC_599_AGE_CLT_STATN_BIZAEA_2024,20250612
2024,서울특별시,송파구,11710,592432,박물관,57.5,47.0,64.5,62.0,26.0,18.5,9.5,KC_599_AGE_CLT_STATN_BIZAEA_2024,20250612
2024,서울특별시,양천구,11470,376245,박물관,11.5,9.4,12.9,12.4,5.2,3.7,1.9,KC_599_AGE_CLT_STATN_BIZAEA_2024,20250612
2024,서울특별시,영등포구,11560,427492,박물관,34.5,28.2,38.7,37.2,15.6,11.1,5.7,KC_599_AGE_CLT_STATN_BIZAEA_2024,20250612
2024,서울특별시,용산구,11170,232639,박물관,92.0,75.2,103.2,99.2,41.6,29.6,15.2,KC_599_AGE_CLT_STATN_BIZAEA_2024,20250612
2024,서울특별시,은평구,11380,396463,박물관,23.0,18.8,25.8,24.8,10.4,7.4,3.8,KC_599_AGE_CLT_STATN_BIZAEA_2024,20250612
2024,서울특별시,종로구,11110,167487,박물관,437.0,357.2,490.2,471.2,197.6,140.6,72.2,KC_599_AGE_CLT_STATN_BIZAEA_2024,20250612
2024,서울특별시,중구,11140,151422,박물관,195.5,159.8,219.3,210.8,88.4,62.9,32.3,KC_599_AGE_CLT_STATN_BIZAEA_2024,20250612
2024,서울특별시,중랑구,11260,339354,박물관,11.5,9.4,12.9,12.4,5.2,3.7,1.9,KC_599_AGE_CLT_STATN_BIZAEA_2024,20250612
2024,서울특별시,강남구,11680,525205,전시관,50.0,52.8,46.4,36.0,18.8,15.2,5.2,KC_599_AGE_CLT_STATN_BIZAEA_2024,20250612
2024,서울특별시,강동구,11740,390190,전시관,12.5,13.2,11.6,9.0,4.7,3.8,1.3,KC_599_AGE_CLT_STATN_BIZAEA_2024,20250612
2024,서울특별시,강북구,11305,262562,전시관,12.5,13.2,11.6,9.0,4.7,3.8,1.3,KC_599_AGE_CLT_STATN_BIZAEA_2024,20250612
2024,서울특별시,강서구,11500,505859,전시관,12.5,13.2,11.6,9.0,4.7,3.8,1.3,KC_599_AGE_CLT_STATN_BIZAEA_2024,20250612
2024,서울특별시,관악구,11620,494294,전시관,12.5,13.2,11.6,9.0,4.7,3.8,1.3,KC_599_AGE_CLT_STATN_BIZAEA_2024,20250612
2024,서울특별시,광진구,11215,346378,전시관,12.5,13.2,11.6,9.0,4.7,3.8,1.3,KC_599_AGE_CLT_STATN_BIZAEA_2024,20250612
2024,서울특별시,구로구,11530,425199,전시관,12.5,13.2,11.6,9.0,4.7,3.8,1.3,KC_599_AGE_CLT_STATN_BIZAEA_2024,20250612
2024,서울특별시,금천구,11545,252871,전시관,12.5,13.2,11.6,9.0,4.7,3.8,1.3,KC_599_AGE_CLT_STATN_BIZAEA_2024,20250612
2024,서울특별시,노원구,11350,428220,전시관,12.5,13.2,11.6,9.0,4.7,3.8,1.3,KC_599_AGE_CLT_STATN_BIZAEA_2024,20250612
2024,서울특별시,도봉구,11320,270437,전시관,12.5,13.2,11.6,9.0,4.7,3.8,1.3,KC_599_AGE_CLT_STATN_BIZAEA_2024,20250612
2024,서울특별시,동대문구,11230,357334,전시관,12.5,13.2,11.6,9.0,4.7,3.8,1.3,KC_599_AGE_CLT_STATN_BIZAEA_2024,20250612
2024,서울특별시,동작구,11590,370929,전시관,12.5,13.2,11.6,9.0,4.7,3.8,1.3,KC_599_AGE_CLT_STATN_BIZAEA_2024,20250612
2024,서울특별시,마포구,11440,358828,전시관,12.5,13.2,11.6,9.0,4.7,3.8,1.3,KC_599_AGE_CLT_STATN_BIZAEA_2024,20250612
2024,서울특별시,서대문구,11410,307060,전시관,12.5,13.2,11.6,9.0,4.7,3.8,1.3,KC_599_AGE_CLT_STATN_BIZAEA_2024,20250612
2024,서울특별시,서초구,11650,375856,전시관,62.5,66.0,58.0,45.0,23.5,19.0,6.5,KC_599_AGE_CLT_STATN_BIZAEA_2024,20250612
2024,서울특별시,성동구,11200,273609,전시관,25.0,26.4,23.2,18.0,9.4,7.6,2.6,KC_599_AGE_CLT_STATN_BIZAEA_2024,20250612
2024,서울특별시,성북구,11290,413590,전시관,62.5,66.0,58.0,45.0,23.5,19.0,6.5,KC_599_AGE_CLT_STATN_BIZAEA_2024,20250612
2024,서울특별시,송파구,11710,592432,전시관,37.5,39.6,34.8,27.0,14.1,11.4,3.9,KC_599_AGE_CLT_STATN_BIZAEA_2024,20250612
2024,서울특별시,양천구,11470,376245,전시관,12.5,13.2,11.6,9.0,4.7,3.8,1.3,KC_599_AGE_CLT_STATN_BIZAEA_2024,20250612
2024,서울특별시,영등포구,11560,427492,전시관,12.5,13.2,11.6,9.0,4.7,3.8,1.3,KC_599_AGE_CLT_STATN_BIZAEA_2024,20250612
2024,서울특별시,용산구,11170,232639,전시관,50.0,52.8,46.4,36.0,18.8,15.2,5.2,KC_599_AGE_CLT_STATN_BIZAEA_2024,20250612
2024,서울특별시,은평구,11380,396463,전시관,12.5,13.2,11.6,9.0,4.7,3.8,1.3,KC_599_AGE_CLT_STATN_BIZAEA_2024,20250612
2024,서울특별시,종로구,11110,167487,전시관,237.5,250.8,220.4,171.0,89.3,72.2,24.7,KC_599_AGE_CLT_STATN_BIZAEA_2024,20250612
2024,서울특별시,중구,11140,151422,전시관,37.5,39.6,34.8,27.0,14.1,11.4,3.9,KC_599_AGE_CLT_STATN_BIZAEA_2024,20250612
2024,서울특별시,중랑구,11260,339354,전시관,12.5,13.2,11.6,9.0,4.7,3.8,1.3,KC_599_AGE_CLT_STATN_BIZAEA_2024,20250612
2024,서울특별시,강남구,11680,525205,도서관,659.2,659.2,355.2,254.4,137.6,92.8,92.8,KC_599_AGE_CLT_STATN_BIZAEA_2024,20250612
2024,서울특별시,강동구,11740,390190,도서관,370.8,370.8,199.8,143.1,77.4,52.2,52.2,KC_599_AGE_CLT_STATN_BIZAEA_2024,20250612
2024,서울특별시,강북구,11305,262562,도서관,288.4,288.4,155.4,111.3,60.2,40.6,40.6,KC_599_AGE_CLT_STATN_BIZAEA_2024,20250612
2024,서울특별시,강서구,11500,505859,도서관,370.8,370.8,199.8,143.1,77.4,52.2,52.2,KC_599_AGE_CLT_STATN_BIZAEA_2024,20250612
2024,서울특별시,관악구,11620,494294,도서관,206.0,206.0,111.0,79.5,43.0,29.0,29.0,KC_599_AGE_CLT_STATN_BIZAEA_2024,20250612
2024,서울특별시,광진구,11215,346378,도서관,288.4,288.4,155.4,111.3,60.2,40.6,40.6,KC_599_AGE_CLT_STATN_BIZAEA_2024,20250612
2024,서울특별시,구로구,11530,425199,도서관,535.6,535.6,288.6,206.7,111.8,75.4,75.4,KC_599_AGE_CLT_STATN_BIZAEA_2024,20250612
2024,서울특별시,금천구,11545,252871,도서관,164.8,164.8,88.8,63.6,34.4,23.2,23.2,KC_599_AGE_CLT_STATN_BIZAEA_2024,20250612
2024,서울특별시,노원구,11350,428220,도서관,370.8,370.8,199.8,143.1,77.4,52.2,52.2,KC_599_AGE_CLT_STATN_BIZAEA_2024,20250612
2024,서울특별시,도봉구,11320,270437,도서관,370.8,370.8,199.8,143.1,77.4,52.2,52.2,KC_599_AGE_CLT_STATN_BIZAEA_2024,20250612
2024,서울특별시,동대문구,11230,357334,도서관,370.8,370.8,199.8,143.1,77.4,52.2,52.2,KC_599_AGE_CLT_STATN_BIZAEA_2024,20250612
2024,서울특별시,동작구,11590,370929,도서관,329.6,329.6,177.6,127.2,68.8,46.4,46.4,KC_599_AGE_CLT_STATN_BIZAEA_2024,20250612
2024,서울특별시,마포구,11440,358828,도서관,247.2,247.2,133.2,95.4,51.6,34.8,34.8,KC_599_AGE_CLT_STATN_BIZAEA_2024,20250612
2024,서울특별시,서대문구,11410,307060,도서관,164.8,164.8,88.8,63.6,34.4,23.2,23.2,KC_599_AGE_CLT_STATN_BIZAEA_2024,20250612
2024,서울특별시,서초구,11650,375856,도서관,453.2,453.2,244.2,174.9,94.6,63.8,63.8,KC_599_AGE_CLT_STATN_BIZAEA_2024,20250612
2024,서울특별시,성동구,11200,273609,도서관,288.4,288.4,155.4,111.3,60.2,40.6,40.6,KC_599_AGE_CLT_STATN_BIZAEA_2024,20250612
2024,서울특별시,성북구,11290,413590,도서관,576.8,576.8,310.8,222.6,120.4,81.2,81.2,KC_599_AGE_CLT_STATN_BIZAEA_2024,20250612
2024,서울특별시,송파구,11710,592432,도서관,494.4,494.4,266.4,190.8,103.2,69.6,69.6,KC_599_AGE_CLT_STATN_BIZAEA_2024,20250612
2024,서울특별시,양천구,11470,376245,도서관,453.2,453.2,244.2,174.9,94.6,63.8,63.8,KC_599_AGE_CLT_STATN_BIZAEA_2024,20250612
2024,서울특별시,영등포구,11560,427492,도서관,288.4,288.4,155.4,111.3,60.2,40.6,40.6,KC_599_AGE_CLT_STATN_BIZAEA_2024,20250612
2024,서울특별시,용산구,11170,232639,도서관,164.8,164.8,88.8,63.6,34.4,23.2,23.2,KC_599_AGE_CLT_STATN_BIZAEA_2024,20250612
2024,서울특별시,은평구,11380,396463,도서관,329.6,329.6,177.6,127.2,68.8,46.4,46.4,KC_599_AGE_CLT_STATN_BIZAEA_2024,20250612
2024,서울특별시,종로구,11110,167487,도서관,370.8,370.8,199.8,143.1,77.4,52.2,52.2,KC_599_AGE_CLT_STATN_BIZAEA_2024,20250612
2024,서울특별시,중구,11140,151422,도서관,370.8,370.8,199.8,143.1,77.4,52.2,52.2,KC_599_AGE_CLT_STATN_BIZAEA_2024,20250612
2024,서울특별시,중랑구,11260,339354,도서관,206.0,206.0,111.0,79.5,43.0,29.0,29.0,KC_599_AGE_CLT_STATN_BIZAEA_2024,20250612
