06-07시간대,06시간대이전,07-08시간대,08-09시간대,09-10시간대,10-11시간대,11-12시간대,12-13시간대,13-14시간대,14-15시간대,15-16시간대,16-17시간대,17-18시간대,18-19시간대,19-20시간대,20-21시간대,21-22시간대,22-23시간대,23-24시간대,24시간대이후,수송일자,요일,일일합계,승하차구분,역명,역번호,연번,날짜
76,68,68,81,75,84,71,63,59,52,62,33,32,27,18,16.0,5.0,6.0,2.0,,2021-07-01,목요일,898,승차,용마산(용마폭포공원),2725,453,2021-12-31
77,67,72,93,74,71,71,62,60,63,56,36,39,25,31,16.0,7.0,5.0,3.0,,2021-07-02,금요일,928,승차,용마산(용마폭포공원),2725,1013,2021-12-31
47,55,51,59,61,65,64,45,54,28,34,29,25,12,6,11.0,2.0,3.0,2.0,,2021-07-03,토요일,653,승차,용마산(용마폭포공원),2725,1573,2021-12-31
24,21,26,36,48,45,49,48,30,21,23,31,14,14,10,11.0,5.0,2.0,1.0,,2021-07-04,일요일,459,승차,용마산(용마폭포공원),2725,2133,2021-12-31
73,64,76,90,85,78,76,42,59,55,65,38,32,34,24,10.0,5.0,3.0,2.0,,2021-07-05,월요일,911,승차,용마산(용마폭포공원),2725,2693,2021-12-31
81,54,62,80,99,94,69,71,64,46,65,60,29,33,30,10.0,5.0,3.0,1.0,,2021-07-06,화요일,956,승차,용마산(용마폭포공원),2725,3253,2021-12-31
73,57,71,80,79,82,59,52,54,37,56,47,38,37,24,10.0,6.0,3.0,1.0,,2021-07-07,수요일,866,승차,용마산(용마폭포공원),2725,3813,2021-12-31
73,56,61,86,81,68,55,53,60,66,50,45,30,21,27,10.0,5.0,0.0,1.0,,2021-07-08,목요일,848,승차,용마산(용마폭포공원),2725,4373,2021-12-31
79,54,64,87,77,77,55,65,56,53,50,43,27,27,33,11.0,3.0,4.0,1.0,,2021-07-09,금요일,866,승차,용마산(용마폭포공원),2725,4933,2021-12-31
47,46,42,55,58,66,52,52,41,33,30,31,21,22,12,14.0,4.0,5.0,3.0,,2021-07-10,토요일,634,승차,용마산(용마폭포공원),2725,5493,2021-12-31
25,23,23,33,54,40,35,47,27,22,37,22,25,17,12,8.0,3.0,4.0,0.0,,2021-07-11,일요일,457,승차,용마산(용마폭포공원),2725,6053,2021-12-31
77,53,57,83,86,75,53,44,56,40,48,40,18,24,20,11.0,3.0,4.0,1.0,,2021-07-12,월요일,793,승차,용마산(용마폭포공원),2725,6613,2021-12-31
70,60,59,83,81,76,60,49,58,45,43,38,29,24,15,9.0,3.0,1.0,2.0,,2021-07-13,화요일,805,승차,용마산(용마폭포공원),2725,7173,2021-12-31
79,50,67,77,76,70,51,42,47,53,41,36,31,28,17,10.0,3.0,2.0,1.0,,2021-07-14,수요일,781,승차,용마산(용마폭포공원),2725,7733,2021-12-31
80,56,61,74,72,84,49,52,45,46,30,40,25,24,22,7.0,6.0,2.0,1.0,,2021-07-15,목요일,776,승차,용마산(용마폭포공원),2725,8293,2021-12-31
73,53,60,66,76,83,45,50,52,51,42,41,33,21,19,11.0,3.0,3.0,5.0,,2021-07-16,금요일,787,승차,용마산(용마폭포공원),2725,8853,2021-12-31
54,50,39,50,49,46,47,33,47,29,33,35,19,21,9,7.0,2.0,2.0,1.0,,2021-07-17,토요일,573,승차,용마산(용마폭포공원),2725,9413,2021-12-31
30,24,21,33,46,32,42,28,21,21,24,30,20,21,15,9.0,2.0,4.0,1.0,,2021-07-18,일요일,424,승차,용마산(용마폭포공원),2725,9973,2021-12-31
77,58,60,82,84,47,51,43,47,56,56,26,32,28,27,5.0,5.0,2.0,2.0,,2021-07-19,월요일,788,승차,용마산(용마폭포공원),2725,10533,2021-12-31
75,56,54,88,81,73,61,43,54,40,54,31,25,24,23,9.0,1.0,1.0,1.0,,2021-07-20,화요일,794,승차,용마산(용마폭포공원),2725,11093,2021-12-31
76,66,62,91,74,60,42,49,37,30,53,33,24,28,21,12.0,7.0,8.0,1.0,,2021-07-21,수요일,774,승차,용마산(용마폭포공원),2725,11653,2021-12-31
87,57,56,91,81,66,54,44,54,33,39,39,29,15,23,9.0,5.0,1.0,1.0,,2021-07-22,목요일,784,승차,용마산(용마폭포공원),2725,12213,2021-12-31
78,55,66,76,90,63,45,51,31,54,45,40,23,30,23,12.0,6.0,3.0,0.0,,2021-07-23,금요일,791,승차,용마산(용마폭포공원),2725,12773,2021-12-31
49,44,36,61,58,54,33,27,38,21,23,19,24,26,20,9.0,3.0,2.0,1.0,,2021-07-24,토요일,548,승차,용마산(용마폭포공원),2725,13333,2021-12-31
20,27,18,35,51,40,33,31,19,21,22,28,9,18,13,9.0,4.0,3.0,1.0,,2021-07-25,일요일,402,승차,용마산(용마폭포공원),2725,13893,2021-12-31
78,53,62,79,94,69,41,42,47,41,48,32,29,24,23,5.0,3.0,1.0,2.0,,2021-07-26,월요일,773,승차,용마산(용마폭포공원),2725,14453,2021-12-31
73,57,53,87,84,68,49,45,39,36,44,33,30,23,24,11.0,4.0,2.0,1.0,,2021-07-27,화요일,763,승차,용마산(용마폭포공원),2725,15013,2021-12-31
73,48,57,84,74,66,46,52,42,41,58,33,22,15,21,7.0,5.0,2.0,1.0,,2021-07-28,수요일,747,승차,용마산(용마폭포공원),2725,15573,2021-12-31
76,62,55,81,83,67,55,35,39,40,57,36,18,13,21,8.0,6.0,3.0,1.0,,2021-07-29,목요일,756,승차,용마산(용마폭포공원),2725,16133,2021-12-31
68,52,68,91,78,70,46,54,50,42,51,36,30,26,23,8.0,7.0,3.0,3.0,,2021-07-30,금요일,806,승차,용마산(용마폭포공원),2725,16693,2021-12-31
41,41,37,54,62,50,52,29,35,32,26,29,16,21,16,7.0,5.0,2.0,2.0,,2021-07-31,토요일,557,승차,용마산(용마폭포공원),2725,17253,2021-12-31
22,20,20,31,44,44,39,26,35,21,20,31,14,6,12,4.0,3.0,2.0,2.0,,2021-08-01,일요일,396,승차,용마산(용마폭포공원),2725,17813,2021-12-31
63,47,57,63,63,71,63,50,41,50,46,27,21,34,17,6.0,4.0,7.0,1.0,,2021-08-02,월요일,731,승차,용마산(용마폭포공원),2725,18373,2021-12-31
71,50,54,61,70,78,64,47,46,45,48,31,30,21,19,13.0,4.0,4.0,1.0,,2021-08-03,화요일,757,승차,용마산(용마폭포공원),2725,18933,2021-12-31
62,44,51,71,93,69,52,43,42,37,50,24,22,26,29,10.0,4.0,0.0,2.0,,2021-08-04,수요일,731,승차,용마산(용마폭포공원),2725,19493,2021-12-31
74,46,53,79,65,80,72,55,51,34,57,45,17,21,18,6.0,7.0,1.0,2.0,,2021-08-05,목요일,783,승차,용마산(용마폭포공원),2725,20053,2021-12-31
65,59,63,83,76,80,41,53,44,48,50,38,35,19,19,10.0,3.0,0.0,1.0,,2021-08-06,금요일,787,승차,용마산(용마폭포공원),2725,20613,2021-12-31
53,38,32,64,41,68,51,35,50,32,33,24,14,18,11,8.0,7.0,1.0,2.0,,2021-08-07,토요일,582,승차,용마산(용마폭포공원),2725,21173,2021-12-31
21,28,26,37,45,36,39,33,27,31,22,17,21,14,9,5.0,6.0,2.0,1.0,,2021-08-08,일요일,420,승차,용마산(용마폭포공원),2725,21733,2021-12-31
68,58,57,89,75,84,63,59,49,40,53,41,29,22,15,8.0,1.0,6.0,1.0,,2021-08-09,월요일,818,승차,용마산(용마폭포공원),2725,22293,2021-12-31
76,60,52,75,65,81,65,63,54,46,54,44,27,29,21,6.0,10.0,0.0,1.0,,2021-08-10,화요일,829,승차,용마산(용마폭포공원),2725,22853,2021-12-31
76,53,55,89,85,79,53,39,48,58,58,44,23,29,19,7.0,8.0,0.0,1.0,,2021-08-11,수요일,824,승차,용마산(용마폭포공원),2725,23413,2021-12-31
73,61,48,96,76,71,63,51,47,42,72,45,26,21,21,7.0,5.0,1.0,2.0,,2021-08-12,목요일,828,승차,용마산(용마폭포공원),2725,23973,2021-12-31
76,50,59,92,86,61,53,36,56,55,48,38,28,20,22,7.0,4.0,2.0,2.0,,2021-08-13,금요일,795,승차,용마산(용마폭포공원),2725,24533,2021-12-31
49,46,40,70,57,54,48,46,47,33,30,34,27,16,16,4.0,7.0,2.0,2.0,,2021-08-14,토요일,628,승차,용마산(용마폭포공원),2725,25093,2021-12-31
30,23,24,39,54,50,38,38,37,38,27,29,12,22,8,6.0,3.0,3.0,2.0,,2021-08-15,일요일,483,승차,용마산(용마폭포공원),2725,25653,2021-12-31
40,38,38,76,50,45,44,45,48,38,44,39,31,11,20,8.0,4.0,4.0,3.0,,2021-08-16,월요일,626,승차,용마산(용마폭포공원),2725,26213,2021-12-31
73,50,57,78,102,72,62,47,50,57,50,35,29,19,29,4.0,3.0,3.0,2.0,,2021-08-17,화요일,822,승차,용마산(용마폭포공원),2725,26773,2021-12-31
74,52,68,80,78,66,65,42,63,48,58,37,32,27,23,9.0,2.0,3.0,2.0,,2021-08-18,수요일,829,승차,용마산(용마폭포공원),2725,27333,2021-12-31
77,49,56,93,74,56,69,51,62,46,55,38,21,27,22,11.0,6.0,2.0,2.0,,2021-08-19,목요일,817,승차,용마산(용마폭포공원),2725,27893,2021-12-31
78,49,66,90,76,66,67,59,52,56,46,39,24,23,21,17.0,2.0,4.0,1.0,,2021-08-20,금요일,836,승차,용마산(용마폭포공원),2725,28453,2021-12-31
47,38,46,48,40,31,34,28,28,45,31,36,23,14,14,13.0,5.0,3.0,1.0,,2021-08-21,토요일,525,승차,용마산(용마폭포공원),2725,29013,2021-12-31
28,32,30,35,56,55,49,32,31,33,38,33,31,14,14,2.0,3.0,2.0,1.0,,2021-08-22,일요일,519,승차,용마산(용마폭포공원),2725,29573,2021-12-31
83,47,67,75,83,79,47,61,45,54,52,32,18,19,22,5.0,3.0,2.0,2.0,,2021-08-23,월요일,796,승차,용마산(용마폭포공원),2725,30133,2021-12-31
77,54,52,86,60,69,57,55,53,38,50,29,24,16,24,7.0,3.0,2.0,2.0,,2021-08-24,화요일,758,승차,용마산(용마폭포공원),2725,30693,2021-12-31
73,55,64,72,81,85,65,61,55,62,54,28,25,20,30,7.0,5.0,1.0,2.0,,2021-08-25,수요일,845,승차,용마산(용마폭포공원),2725,31253,2021-12-31
71,66,55,92,67,60,82,40,67,46,53,30,25,17,29,6.0,3.0,4.0,1.0,,2021-08-26,목요일,814,승차,용마산(용마폭포공원),2725,31813,2021-12-31
77,52,58,94,75,73,64,46,59,46,61,29,35,16,30,11.0,6.0,5.0,2.0,,2021-08-27,금요일,839,승차,용마산(용마폭포공원),2725,32373,2021-12-31
48,48,56,52,51,56,76,46,50,35,36,47,30,18,20,4.0,8.0,3.0,2.0,,2021-08-28,토요일,686,승차,용마산(용마폭포공원),2725,32933,2021-12-31
25,24,25,31,42,46,49,26,34,41,42,34,21,13,13,7.0,10.0,3.0,3.0,,2021-08-29,일요일,489,승차,용마산(용마폭포공원),2725,33493,2021-12-31
85,60,64,91,93,76,61,65,41,51,67,39,26,18,23,16.0,1.0,2.0,2.0,,2021-08-30,월요일,881,승차,용마산(용마폭포공원),2725,34053,2021-12-31
81,53,59,74,95,69,56,48,54,45,42,30,31,21,23,7.0,1.0,1.0,2.0,,2021-08-31,화요일,792,승차,용마산(용마폭포공원),2725,34613,2021-12-31
76,51,59,79,76,67,60,50,64,46,56,34,35,19,16,7.0,4.0,2.0,1.0,,2021-09-01,수요일,802,승차,용마산(용마폭포공원),2725,35173,2021-12-31
85,55,56,87,73,70,83,59,75,52,70,44,25,23,32,10.0,2.0,0.0,1.0,,2021-09-02,목요일,902,승차,용마산(용마폭포공원),2725,35733,2021-12-31
73,62,63,90,96,93,52,75,64,52,59,44,30,36,33,5.0,11.0,0.0,1.0,,2021-09-03,금요일,939,승차,용마산(용마폭포공원),2725,36293,2021-12-31
46,45,53,56,64,60,67,54,50,42,41,35,34,27,17,2.0,4.0,1.0,2.0,,2021-09-04,토요일,700,승차,용마산(용마폭포공원),2725,36853,2021-12-31
26,26,28,44,51,49,45,51,41,35,28,33,30,15,11,12.0,4.0,3.0,1.0,,2021-09-05,일요일,533,승차,용마산(용마폭포공원),2725,37413,2021-12-31
86,58,69,122,86,66,61,76,65,51,54,44,26,26,24,7.0,3.0,0.0,2.0,,2021-09-06,월요일,926,승차,용마산(용마폭포공원),2725,37973,2021-12-31
79,55,60,79,69,65,58,49,60,44,58,44,23,17,19,9.0,2.0,0.0,4.0,,2021-09-07,화요일,794,승차,용마산(용마폭포공원),2725,38533,2021-12-31
86,57,58,106,68,79,68,66,51,50,53,41,21,31,26,19.0,5.0,6.0,0.0,,2021-09-08,수요일,891,승차,용마산(용마폭포공원),2725,39093,2021-12-31
85,58,60,102,95,86,66,58,70,62,58,50,22,14,23,10.0,2.0,2.0,2.0,,2021-09-09,목요일,925,승차,용마산(용마폭포공원),2725,39653,2021-12-31
82,54,79,91,97,86,65,53,69,55,65,38,24,25,27,14.0,4.0,4.0,2.0,,2021-09-10,금요일,934,승차,용마산(용마폭포공원),2725,40213,2021-12-31
53,53,46,53,58,79,75,57,47,39,45,45,18,34,17,11.0,5.0,3.0,2.0,,2021-09-11,토요일,740,승차,용마산(용마폭포공원),2725,40773,2021-12-31
33,28,24,44,54,60,51,40,32,45,24,29,31,16,12,9.0,5.0,4.0,1.0,,2021-09-12,일요일,542,승차,용마산(용마폭포공원),2725,41333,2021-12-31
87,61,71,101,105,93,77,62,60,50,65,44,38,26,24,11.0,4.0,6.0,4.0,,2021-09-13,월요일,989,승차,용마산(용마폭포공원),2725,41893,2021-12-31
88,58,72,89,88,82,66,72,74,63,61,35,34,20,23,8.0,5.0,2.0,2.0,,2021-09-14,화요일,942,승차,용마산(용마폭포공원),2725,42453,2021-12-31
83,67,66,98,91,83,53,58,61,52,67,38,46,25,19,7.0,8.0,5.0,2.0,,2021-09-15,수요일,929,승차,용마산(용마폭포공원),2725,43013,2021-12-31
87,61,61,98,69,92,70,73,66,48,63,38,35,27,26,8.0,7.0,3.0,1.0,,2021-09-16,목요일,933,승차,용마산(용마폭포공원),2725,43573,2021-12-31
70,59,65,100,75,73,62,57,51,58,54,48,46,16,20,13.0,13.0,2.0,1.0,,2021-09-17,금요일,883,승차,용마산(용마폭포공원),2725,44133,2021-12-31
50,48,50,57,53,69,67,48,54,42,52,39,27,25,19,7.0,6.0,3.0,2.0,,2021-09-18,토요일,718,승차,용마산(용마폭포공원),2725,44693,2021-12-31
32,28,29,44,60,49,40,47,36,40,29,28,25,18,14,7.0,3.0,4.0,1.0,,2021-09-19,일요일,534,승차,용마산(용마폭포공원),2725,45253,2021-12-31
24,21,21,24,34,30,40,20,25,36,21,24,30,7,11,9.0,4.0,1.0,0.0,,2021-09-20,월요일,382,승차,용마산(용마폭포공원),2725,45813,2021-12-31
13,21,24,19,8,15,23,24,12,26,29,12,11,5,10,7.0,9.0,5.0,1.0,,2021-09-21,화요일,274,승차,용마산(용마폭포공원),2725,46373,2021-12-31
23,16,12,31,38,50,41,38,33,27,33,20,33,18,26,10.0,5.0,2.0,0.0,,2021-09-22,수요일,456,승차,용마산(용마폭포공원),2725,46933,2021-12-31
70,75,70,86,82,79,64,58,54,60,52,55,28,28,26,13.0,4.0,3.0,1.0,,2021-09-23,목요일,908,승차,용마산(용마폭포공원),2725,47493,2021-12-31
75,53,69,94,68,90,70,44,62,43,51,36,29,28,26,18.0,4.0,6.0,4.0,,2021-09-24,금요일,870,승차,용마산(용마폭포공원),2725,48053,2021-12-31
47,47,59,61,74,64,62,56,54,31,54,47,40,26,16,12.0,1.0,4.0,2.0,,2021-09-25,토요일,757,승차,용마산(용마폭포공원),2725,48613,2021-12-31
33,21,28,39,56,54,34,43,33,50,43,27,29,17,13,5.0,5.0,3.0,2.0,,2021-09-26,일요일,535,승차,용마산(용마폭포공원),2725,49173,2021-12-31
87,58,71,91,85,84,56,52,63,54,56,33,22,22,27,8.0,4.0,0.0,2.0,,2021-09-27,월요일,875,승차,용마산(용마폭포공원),2725,49733,2021-12-31
80,57,72,78,88,85,62,51,79,49,67,41,36,24,23,19.0,4.0,4.0,2.0,,2021-09-28,화요일,921,승차,용마산(용마폭포공원),2725,50293,2021-12-31
84,57,66,80,86,64,57,52,56,47,58,45,22,22,23,16.0,7.0,5.0,2.0,,2021-09-29,수요일,849,승차,용마산(용마폭포공원),2725,50853,2021-12-31
77,54,61,87,79,106,72,64,72,57,49,54,40,29,23,10.0,11.0,2.0,4.0,,2021-09-30,목요일,951,승차,용마산(용마폭포공원),2725,51413,2021-12-31
79,64,72,90,79,73,54,62,60,45,55,40,31,39,27,12.0,6.0,6.0,1.0,,2021-10-01,금요일,895,승차,용마산(용마폭포공원),2725,51973,2021-12-31
55,37,40,76,65,74,70,50,61,47,33,37,38,21,11,8.0,2.0,1.0,1.0,,2021-10-02,토요일,727,승차,용마산(용마폭포공원),2725,52533,2021-12-31
34,26,27,40,71,69,54,53,39,35,42,28,26,16,11,6.0,7.0,1.0,0.0,,2021-10-03,일요일,585,승차,용마산(용마폭포공원),2725,53093,2021-12-31
44,41,43,58,78,65,59,46,42,51,42,30,17,20,17,11.0,3.0,0.0,2.0,,2021-10-04,월요일,669,승차,용마산(용마폭포공원),2725,53653,2021-12-31
77,59,57,104,92,80,71,66,60,51,53,60,38,19,25,7.0,6.0,2.0,1.0,,2021-10-05,화요일,928,승차,용마산(용마폭포공원),2725,54213,2021-12-31
82,46,72,98,74,72,67,66,51,53,66,29,45,25,26,9.0,6.0,6.0,2.0,,2021-10-06,수요일,895,승차,용마산(용마폭포공원),2725,54773,2021-12-31
77,63,67,105,91,79,72,54,61,48,51,48,38,15,24,12.0,2.0,2.0,2.0,,2021-10-07,목요일,911,승차,용마산(용마폭포공원),2725,55333,2021-12-31
77,45,75,103,62,71,70,69,53,68,61,34,31,23,21,20.0,3.0,4.0,1.0,,2021-10-08,금요일,891,승차,용마산(용마폭포공원),2725,55893,2021-12-31
41,42,39,58,57,69,69,60,42,38,56,43,25,16,19,7.0,3.0,4.0,2.0,,2021-10-09,토요일,690,승차,용마산(용마폭포공원),2725,56453,2021-12-31
32,23,21,37,47,64,52,57,40,28,13,20,17,13,5,3.0,4.0,4.0,1.0,,2021-10-10,일요일,481,승차,용마산(용마폭포공원),2725,57013,2021-12-31
48,40,44,71,96,69,51,63,59,51,41,38,25,18,19,8.0,6.0,7.0,3.0,,2021-10-11,월요일,757,승차,용마산(용마폭포공원),2725,57573,2021-12-31
74,52,75,101,86,75,65,88,59,51,63,44,27,24,24,11.0,7.0,1.0,2.0,,2021-10-12,화요일,929,승차,용마산(용마폭포공원),2725,58133,2021-12-31
85,60,76,95,94,77,68,61,61,53,54,49,30,32,22,8.0,1.0,2.0,2.0,,2021-10-13,수요일,930,승차,용마산(용마폭포공원),2725,58693,2021-12-31
85,57,69,106,92,78,75,68,70,61,55,44,31,18,29,10.0,5.0,1.0,1.0,,2021-10-14,목요일,955,승차,용마산(용마폭포공원),2725,59253,2021-12-31
83,71,69,94,89,67,64,79,69,62,56,44,44,23,20,10.0,6.0,3.0,1.0,,2021-10-15,금요일,954,승차,용마산(용마폭포공원),2725,59813,2021-12-31
53,46,49,63,67,67,71,56,67,58,48,29,29,13,13,9.0,8.0,3.0,1.0,,2021-10-16,토요일,750,승차,용마산(용마폭포공원),2725,60373,2021-12-31
33,28,24,39,58,56,46,44,38,34,31,40,24,10,12,7.0,2.0,4.0,2.0,,2021-10-17,일요일,532,승차,용마산(용마폭포공원),2725,60933,2021-12-31
79,63,66,107,98,69,65,67,61,49,66,51,22,34,32,5.0,3.0,4.0,1.0,,2021-10-18,월요일,942,승차,용마산(용마폭포공원),2725,61493,2021-12-31
79,61,72,78,82,73,83,78,73,46,61,40,42,35,24,5.0,2.0,2.0,1.0,,2021-10-19,화요일,937,승차,용마산(용마폭포공원),2725,62053,2021-12-31
92,56,72,90,81,79,76,69,74,53,55,48,44,26,30,9.0,4.0,8.0,1.0,,2021-10-20,수요일,967,승차,용마산(용마폭포공원),2725,62613,2021-12-31
82,61,76,100,91,96,74,66,64,68,68,43,32,26,26,7.0,4.0,3.0,3.0,,2021-10-21,목요일,990,승차,용마산(용마폭포공원),2725,63173,2021-12-31
84,58,67,106,78,76,66,68,64,59,56,46,31,27,27,17.0,7.0,2.0,1.0,,2021-10-22,금요일,940,승차,용마산(용마폭포공원),2725,63733,2021-12-31
58,54,51,67,66,91,58,60,57,44,47,55,44,25,17,9.0,4.0,7.0,2.0,,2021-10-23,토요일,816,승차,용마산(용마폭포공원),2725,64293,2021-12-31
27,17,27,55,56,85,60,56,53,40,47,35,23,19,12,6.0,4.0,5.0,1.0,,2021-10-24,일요일,628,승차,용마산(용마폭포공원),2725,64853,2021-12-31
81,64,67,110,85,94,66,67,76,82,55,51,36,31,31,7.0,2.0,3.0,2.0,,2021-10-25,월요일,1010,승차,용마산(용마폭포공원),2725,65413,2021-12-31
75,51,72,97,88,88,71,75,81,54,58,43,43,24,25,9.0,5.0,1.0,3.0,,2021-10-26,화요일,963,승차,용마산(용마폭포공원),2725,65973,2021-12-31
74,68,75,102,86,85,68,66,73,69,59,41,54,31,37,12.0,7.0,4.0,3.0,,2021-10-27,수요일,1014,승차,용마산(용마폭포공원),2725,66533,2021-12-31
91,54,63,104,77,80,87,54,79,54,66,49,55,21,32,11.0,2.0,2.0,2.0,,2021-10-28,목요일,983,승차,용마산(용마폭포공원),2725,67093,2021-12-31
82,61,68,101,98,82,60,68,73,49,57,39,49,21,30,13.0,7.0,7.0,1.0,,2021-10-29,금요일,966,승차,용마산(용마폭포공원),2725,67653,2021-12-31
43,46,45,59,74,84,79,56,73,59,51,52,47,24,16,10.0,6.0,5.0,1.0,,2021-10-30,토요일,830,승차,용마산(용마폭포공원),2725,68213,2021-12-31
26,28,25,42,66,79,57,59,53,51,44,36,24,16,6,7.0,7.0,5.0,1.0,,2021-10-31,일요일,632,승차,용마산(용마폭포공원),2725,68773,2021-12-31
76,64,72,107,88,77,65,74,65,40,75,49,38,22,27,15.0,4.0,1.0,1.0,,2021-11-01,월요일,960,승차,용마산(용마폭포공원),2725,69333,2021-12-31
89,63,78,87,88,77,81,79,72,68,57,51,28,26,17,13.0,4.0,3.0,2.0,,2021-11-02,화요일,983,승차,용마산(용마폭포공원),2725,69893,2021-12-31
75,53,76,99,95,90,68,71,78,69,82,50,43,25,25,14.0,5.0,3.0,2.0,,2021-11-03,수요일,1023,승차,용마산(용마폭포공원),2725,70453,2021-12-31
84,61,80,85,98,68,68,50,82,67,53,42,36,28,26,13.0,2.0,4.0,1.0,,2021-11-04,목요일,948,승차,용마산(용마폭포공원),2725,71013,2021-12-31
80,53,86,91,87,98,65,69,67,55,73,35,37,26,28,11.0,9.0,5.0,1.0,,2021-11-05,금요일,976,승차,용마산(용마폭포공원),2725,71573,2021-12-31
51,47,49,70,69,82,66,65,70,40,61,42,32,26,18,11.0,9.0,4.0,2.0,,2021-11-06,토요일,814,승차,용마산(용마폭포공원),2725,72133,2021-12-31
31,24,27,55,56,81,48,54,42,50,44,33,28,14,15,4.0,4.0,6.0,2.0,,2021-11-07,일요일,618,승차,용마산(용마폭포공원),2725,72693,2021-12-31
93,54,62,87,78,56,38,52,58,45,73,33,31,21,25,15.0,9.0,2.0,1.0,,2021-11-08,월요일,833,승차,용마산(용마폭포공원),2725,73253,2021-12-31
74,50,78,81,82,71,76,66,78,58,55,34,32,17,23,10.0,3.0,4.0,1.0,,2021-11-09,화요일,893,승차,용마산(용마폭포공원),2725,73813,2021-12-31
77,62,62,106,80,91,80,79,69,48,65,37,38,26,28,12.0,6.0,5.0,2.0,,2021-11-10,수요일,973,승차,용마산(용마폭포공원),2725,74373,2021-12-31
76,60,68,86,86,81,76,64,65,59,56,46,45,27,20,19.0,5.0,7.0,2.0,,2021-11-11,목요일,948,승차,용마산(용마폭포공원),2725,74933,2021-12-31
79,65,70,90,78,62,61,67,80,60,48,40,43,15,36,14.0,10.0,7.0,3.0,,2021-11-12,금요일,928,승차,용마산(용마폭포공원),2725,75493,2021-12-31
62,32,53,61,71,55,54,59,54,45,50,34,37,18,12,7.0,7.0,1.0,2.0,,2021-11-13,토요일,714,승차,용마산(용마폭포공원),2725,76053,2021-12-31
27,32,26,41,55,77,50,58,53,42,35,32,26,15,9,9.0,4.0,6.0,1.0,,2021-11-14,일요일,598,승차,용마산(용마폭포공원),2725,76613,2021-12-31
92,54,71,99,96,67,74,75,62,58,100,33,34,22,22,8.0,9.0,4.0,1.0,,2021-11-15,월요일,981,승차,용마산(용마폭포공원),2725,77173,2021-12-31
81,60,59,92,90,84,79,100,83,59,74,39,47,24,25,10.0,5.0,5.0,1.0,,2021-11-16,화요일,1017,승차,용마산(용마폭포공원),2725,77733,2021-12-31
81,47,67,87,99,74,71,77,65,52,57,33,34,33,24,9.0,6.0,3.0,2.0,,2021-11-17,수요일,921,승차,용마산(용마폭포공원),2725,78293,2021-12-31
84,57,65,86,87,81,63,63,65,52,60,28,42,18,28,13.0,5.0,6.0,2.0,,2021-11-18,목요일,905,승차,용마산(용마폭포공원),2725,78853,2021-12-31
79,54,77,90,75,80,54,64,71,46,73,33,38,29,18,21.0,5.0,8.0,1.0,,2021-11-19,금요일,916,승차,용마산(용마폭포공원),2725,79413,2021-12-31
51,46,40,60,55,61,72,54,52,49,50,44,37,19,14,6.0,10.0,5.0,3.0,,2021-11-20,토요일,728,승차,용마산(용마폭포공원),2725,79973,2021-12-31
33,18,26,51,70,69,50,52,49,45,34,31,28,12,7,4.0,6.0,5.0,2.0,,2021-11-21,일요일,592,승차,용마산(용마폭포공원),2725,80533,2021-12-31
79,63,72,90,102,65,53,76,61,40,64,43,41,28,19,11.0,11.0,4.0,1.0,,2021-11-22,월요일,923,승차,용마산(용마폭포공원),2725,81093,2021-12-31
81,55,62,85,87,78,57,75,74,55,81,51,34,22,19,12.0,5.0,2.0,2.0,,2021-11-23,화요일,937,승차,용마산(용마폭포공원),2725,81653,2021-12-31
74,63,68,84,79,84,93,80,62,39,66,46,42,29,31,9.0,6.0,2.0,2.0,,2021-11-24,수요일,959,승차,용마산(용마폭포공원),2725,82213,2021-12-31
84,52,61,93,74,82,65,72,79,46,54,34,36,23,28,13.0,7.0,2.0,1.0,,2021-11-25,목요일,906,승차,용마산(용마폭포공원),2725,82773,2021-12-31
76,60,64,90,77,73,61,69,74,57,54,42,34,32,24,11.0,8.0,4.0,3.0,,2021-11-26,금요일,913,승차,용마산(용마폭포공원),2725,83333,2021-12-31
56,32,42,64,66,72,70,50,57,43,47,48,29,28,19,11.0,5.0,2.0,1.0,,2021-11-27,토요일,742,승차,용마산(용마폭포공원),2725,83893,2021-12-31
28,31,19,48,50,63,55,49,51,55,34,34,30,20,9,5.0,7.0,5.0,1.0,,2021-11-28,일요일,594,승차,용마산(용마폭포공원),2725,84453,2021-12-31
77,55,60,100,95,77,64,76,63,63,74,39,33,26,30,13.0,4.0,4.0,3.0,,2021-11-29,월요일,956,승차,용마산(용마폭포공원),2725,85013,2021-12-31
74,58,55,65,59,66,48,52,50,58,46,28,29,23,22,8.0,4.0,2.0,1.0,,2021-11-30,화요일,748,승차,용마산(용마폭포공원),2725,85573,2021-12-31
77,43,64,90,75,77,62,48,66,63,58,43,24,36,20,8.0,5.0,3.0,1.0,,2021-12-01,수요일,863,승차,용마산(용마폭포공원),2725,86133,2021-12-31
78,61,66,78,79,89,70,79,68,60,59,34,32,20,31,3.0,4.0,4.0,1.0,,2021-12-02,목요일,916,승차,용마산(용마폭포공원),2725,86693,2021-12-31
80,53,60,90,79,75,64,51,71,53,63,42,50,17,30,11.0,6.0,2.0,1.0,,2021-12-03,금요일,898,승차,용마산(용마폭포공원),2725,87253,2021-12-31
47,50,48,58,56,48,59,54,59,52,50,38,41,15,16,5.0,7.0,4.0,1.0,,2021-12-04,토요일,708,승차,용마산(용마폭포공원),2725,87813,2021-12-31
29,19,24,35,53,66,59,48,50,47,52,33,17,11,8,5.0,5.0,4.0,2.0,,2021-12-05,일요일,567,승차,용마산(용마폭포공원),2725,88373,2021-12-31
79,60,63,99,91,77,67,65,60,60,63,44,29,23,17,11.0,4.0,3.0,2.0,,2021-12-06,월요일,917,승차,용마산(용마폭포공원),2725,88933,2021-12-31
73,52,64,91,62,89,81,72,67,69,71,35,38,32,19,3.0,3.0,4.0,4.0,,2021-12-07,화요일,929,승차,용마산(용마폭포공원),2725,89493,2021-12-31
77,65,64,92,71,89,57,45,65,57,74,37,38,24,30,16.0,6.0,4.0,2.0,,2021-12-08,수요일,913,승차,용마산(용마폭포공원),2725,90053,2021-12-31
80,50,71,75,89,75,65,75,48,49,65,25,23,31,19,9.0,4.0,2.0,2.0,,2021-12-09,목요일,857,승차,용마산(용마폭포공원),2725,90613,2021-12-31
75,61,60,87,74,68,47,58,67,44,43,30,28,31,19,11.0,8.0,0.0,1.0,,2021-12-10,금요일,812,승차,용마산(용마폭포공원),2725,91173,2021-12-31
45,33,35,49,68,62,59,67,52,37,54,29,22,23,9,11.0,12.0,1.0,1.0,,2021-12-11,토요일,669,승차,용마산(용마폭포공원),2725,91733,2021-12-31
26,30,31,37,47,55,45,45,51,39,30,21,16,15,6,3.0,4.0,6.0,2.0,,2021-12-12,일요일,509,승차,용마산(용마폭포공원),2725,92293,2021-12-31
78,50,62,95,67,68,48,50,58,43,61,27,40,36,16,9.0,4.0,7.0,1.0,,2021-12-13,월요일,820,승차,용마산(용마폭포공원),2725,92853,2021-12-31
70,60,64,78,85,82,65,74,71,49,62,45,35,27,19,7.0,2.0,1.0,2.0,,2021-12-14,화요일,898,승차,용마산(용마폭포공원),2725,93413,2021-12-31
72,44,52,88,86,63,45,58,52,45,68,36,28,31,15,8.0,8.0,3.0,1.0,,2021-12-15,수요일,803,승차,용마산(용마폭포공원),2725,93975,2021-12-31
72,66,61,72,74,74,78,67,67,45,59,37,30,28,23,8.0,3.0,3.0,1.0,,2021-12-16,목요일,868,승차,용마산(용마폭포공원),2725,94535,2021-12-31
70,50,64,77,71,71,58,62,59,50,60,39,32,26,25,14.0,4.0,4.0,2.0,,2021-12-17,금요일,838,승차,용마산(용마폭포공원),2725,95095,2021-12-31
44,50,34,55,38,48,54,56,56,34,42,26,15,14,11,5.0,5.0,4.0,0.0,,2021-12-18,토요일,591,승차,용마산(용마폭포공원),2725,95655,2021-12-31
24,17,25,33,44,45,38,45,40,32,33,33,13,18,7,4.0,3.0,3.0,0.0,,2021-12-19,일요일,457,승차,용마산(용마폭포공원),2725,96217,2021-12-31
75,62,68,80,83,81,50,61,67,65,64,29,29,24,18,8.0,6.0,3.0,1.0,,2021-12-20,월요일,874,승차,용마산(용마폭포공원),2725,96779,2021-12-31
77,47,57,88,78,68,58,71,64,51,76,43,35,30,21,10.0,4.0,4.0,2.0,,2021-12-21,화요일,884,승차,용마산(용마폭포공원),2725,97341,2021-12-31
65,56,66,89,78,83,54,66,67,66,71,47,32,34,23,12.0,9.0,1.0,1.0,,2021-12-22,수요일,920,승차,용마산(용마폭포공원),2725,97903,2021-12-31
83,47,63,75,81,69,56,63,77,61,68,40,35,37,25,9.0,10.0,4.0,2.0,,2021-12-23,목요일,905,승차,용마산(용마폭포공원),2725,98465,2021-12-31
75,61,57,82,74,77,69,62,66,44,47,43,41,21,34,9.0,9.0,2.0,1.0,,2021-12-24,금요일,874,승차,용마산(용마폭포공원),2725,99027,2021-12-31
32,25,20,44,60,36,54,37,52,35,37,16,16,12,20,5.0,5.0,2.0,1.0,,2021-12-25,토요일,509,승차,용마산(용마폭포공원),2725,99589,2021-12-31
28,34,15,28,33,35,36,49,35,28,36,24,16,7,3,1.0,3.0,3.0,1.0,,2021-12-26,일요일,415,승차,용마산(용마폭포공원),2725,100151,2021-12-31
67,46,59,77,70,54,63,50,69,50,71,41,39,15,20,7.0,3.0,5.0,1.0,,2021-12-27,월요일,807,승차,용마산(용마폭포공원),2725,100713,2021-12-31
74,53,59,70,71,58,55,76,89,57,61,40,28,23,23,5.0,9.0,0.0,2.0,,2021-12-28,화요일,853,승차,용마산(용마폭포공원),2725,101275,2021-12-31
78,50,51,84,77,92,71,56,61,65,55,39,26,27,24,8.0,7.0,0.0,1.0,,2021-12-29,수요일,872,승차,용마산(용마폭포공원),2725,101837,2021-12-31
75,58,61,81,72,73,66,75,74,59,63,47,24,16,26,7.0,3.0,4.0,3.0,,2021-12-30,목요일,887,승차,용마산(용마폭포공원),2725,102399,2021-12-31
65,46,61,71,64,77,64,56,66,57,47,40,40,23,15,8.0,9.0,6.0,3.0,,2021-12-31,금요일,818,승차,용마산(용마폭포공원),2725,102961,2021-12-31
27,29,15,18,21,36,41,30,34,21,27,28,17,14,11,4.0,9.0,4.0,1.0,0.0,2022-01-01,토요일,387,승차,용마산(용마폭포공원),2725.0,453,2022-12-31
25,17,15,38,52,51,35,53,49,37,34,25,10,12,10,1.0,4.0,5.0,1.0,0.0,2022-01-02,일요일,474,승차,용마산(용마폭포공원),2725.0,997,2022-12-31
70,62,63,79,78,60,53,46,64,51,49,38,41,25,24,11.0,3.0,1.0,1.0,0.0,2022-01-03,월요일,819,승차,용마산(용마폭포공원),2725.0,1541,2022-12-31
79,50,56,75,80,80,47,61,71,51,57,35,35,25,26,9.0,4.0,1.0,1.0,0.0,2022-01-04,화요일,843,승차,용마산(용마폭포공원),2725.0,2085,2022-12-31
71,60,55,69,78,73,55,67,63,62,63,43,37,24,26,11.0,6.0,2.0,2.0,0.0,2022-01-05,수요일,867,승차,용마산(용마폭포공원),2725.0,2629,2022-12-31
80,47,57,91,70,75,68,69,76,57,62,47,46,23,28,10.0,3.0,1.0,1.0,0.0,2022-01-06,목요일,911,승차,용마산(용마폭포공원),2725.0,3173,2022-12-31
75,55,67,75,71,67,68,55,87,64,59,31,28,32,22,15.0,6.0,2.0,1.0,0.0,2022-01-07,금요일,880,승차,용마산(용마폭포공원),2725.0,3717,2022-12-31
50,34,30,40,69,64,63,77,66,57,33,34,22,20,19,9.0,5.0,4.0,1.0,0.0,2022-01-08,토요일,697,승차,용마산(용마폭포공원),2725.0,4261,2022-12-31
30,29,20,45,59,65,50,50,42,39,27,24,22,15,14,3.0,6.0,5.0,2.0,0.0,2022-01-09,일요일,547,승차,용마산(용마폭포공원),2725.0,4805,2022-12-31
89,53,56,84,74,84,70,54,70,50,60,46,36,17,18,10.0,2.0,2.0,1.0,0.0,2022-01-10,월요일,876,승차,용마산(용마폭포공원),2725.0,5349,2022-12-31
80,61,64,78,96,78,56,63,56,49,40,43,30,25,19,7.0,5.0,5.0,1.0,0.0,2022-01-11,화요일,856,승차,용마산(용마폭포공원),2725.0,5893,2022-12-31
77,43,67,78,71,65,69,47,59,56,52,47,31,24,23,11.0,3.0,4.0,0.0,0.0,2022-01-12,수요일,827,승차,용마산(용마폭포공원),2725.0,6437,2022-12-31
74,60,61,88,83,68,69,58,55,43,72,47,26,23,21,4.0,4.0,3.0,3.0,0.0,2022-01-13,목요일,862,승차,용마산(용마폭포공원),2725.0,6981,2022-12-31
72,46,60,73,80,70,59,58,74,57,56,41,28,40,23,9.0,4.0,4.0,1.0,0.0,2022-01-14,금요일,855,승차,용마산(용마폭포공원),2725.0,7525,2022-12-31
45,37,36,48,66,65,74,58,70,58,40,31,26,14,9,5.0,4.0,1.0,2.0,0.0,2022-01-15,토요일,689,승차,용마산(용마폭포공원),2725.0,8069,2022-12-31
30,23,16,40,51,54,57,56,47,41,29,32,24,20,8,5.0,4.0,3.0,1.0,0.0,2022-01-16,일요일,541,승차,용마산(용마폭포공원),2725.0,8613,2022-12-31
80,52,56,91,90,79,55,51,68,61,61,48,26,23,15,11.0,6.0,2.0,5.0,0.0,2022-01-17,월요일,880,승차,용마산(용마폭포공원),2725.0,9157,2022-12-31
74,43,59,89,79,78,67,59,73,61,57,39,31,34,19,7.0,6.0,2.0,2.0,0.0,2022-01-18,화요일,879,승차,용마산(용마폭포공원),2725.0,9701,2022-12-31
72,56,62,94,97,79,53,65,46,47,61,32,30,25,20,5.0,4.0,5.0,1.0,0.0,2022-01-19,수요일,854,승차,용마산(용마폭포공원),2725.0,10245,2022-12-31
79,49,68,81,79,79,58,61,66,67,60,51,34,13,21,8.0,2.0,2.0,4.0,0.0,2022-01-20,목요일,882,승차,용마산(용마폭포공원),2725.0,10789,2022-12-31
83,55,63,80,80,87,62,70,52,73,48,56,29,29,24,9.0,8.0,7.0,1.0,0.0,2022-01-21,금요일,916,승차,용마산(용마폭포공원),2725.0,11333,2022-12-31
44,38,41,44,61,58,71,59,98,42,37,43,32,29,12,13.0,11.0,0.0,1.0,0.0,2022-01-22,토요일,734,승차,용마산(용마폭포공원),2725.0,11877,2022-12-31
26,29,29,42,68,62,56,50,49,53,52,34,19,26,14,4.0,6.0,2.0,0.0,0.0,2022-01-23,일요일,621,승차,용마산(용마폭포공원),2725.0,12421,2022-12-31
77,54,63,99,85,76,60,56,64,52,71,36,42,23,16,13.0,4.0,1.0,1.0,0.0,2022-01-24,월요일,893,승차,용마산(용마폭포공원),2725.0,12965,2022-12-31
69,55,56,89,92,92,55,60,79,49,58,43,34,28,16,7.0,6.0,1.0,0.0,0.0,2022-01-25,화요일,889,승차,용마산(용마폭포공원),2725.0,13509,2022-12-31
74,50,62,84,84,86,59,61,71,62,61,40,34,25,21,16.0,9.0,1.0,1.0,0.0,2022-01-26,수요일,901,승차,용마산(용마폭포공원),2725.0,14053,2022-12-31
79,53,54,88,86,79,68,56,70,50,64,60,33,18,15,7.0,3.0,2.0,1.0,0.0,2022-01-27,목요일,886,승차,용마산(용마폭포공원),2725.0,14597,2022-12-31
68,53,59,79,83,89,68,74,58,61,55,39,39,29,17,13.0,6.0,2.0,2.0,0.0,2022-01-28,금요일,894,승차,용마산(용마폭포공원),2725.0,15141,2022-12-31
47,40,39,43,55,57,57,58,50,43,28,23,26,9,8,7.0,3.0,1.0,1.0,0.0,2022-01-29,토요일,595,승차,용마산(용마폭포공원),2725.0,15685,2022-12-31
32,19,21,35,42,66,35,43,42,22,40,37,25,9,5,6.0,3.0,0.0,1.0,0.0,2022-01-30,일요일,483,승차,용마산(용마폭포공원),2725.0,16229,2022-12-31
18,26,18,20,25,28,31,28,32,37,21,24,14,10,9,4.0,1.0,2.0,0.0,0.0,2022-01-31,월요일,348,승차,용마산(용마폭포공원),2725.0,16773,2022-12-31
20,18,15,7,13,15,27,29,18,21,25,12,13,6,6,5.0,6.0,1.0,0.0,0.0,2022-02-01,화요일,257,승차,용마산(용마폭포공원),2725.0,17317,2022-12-31
20,23,12,26,26,41,36,39,33,30,35,31,23,19,7,11.0,7.0,2.0,0.0,0.0,2022-02-02,수요일,421,승차,용마산(용마폭포공원),2725.0,17861,2022-12-31
72,52,54,77,81,51,62,59,76,43,68,44,31,30,15,7.0,4.0,1.0,0.0,0.0,2022-02-03,목요일,827,승차,용마산(용마폭포공원),2725.0,18405,2022-12-31
79,56,49,87,77,72,65,60,61,53,55,40,29,22,15,7.0,5.0,1.0,1.0,0.0,2022-02-04,금요일,834,승차,용마산(용마폭포공원),2725.0,18949,2022-12-31
42,35,27,49,60,51,60,54,46,54,43,29,31,19,6,6.0,3.0,1.0,0.0,0.0,2022-02-05,토요일,616,승차,용마산(용마폭포공원),2725.0,19493,2022-12-31
29,24,23,39,44,60,31,39,46,78,44,34,24,16,7,4.0,8.0,2.0,1.0,0.0,2022-02-06,일요일,553,승차,용마산(용마폭포공원),2725.0,20037,2022-12-31
73,55,58,86,81,71,55,78,58,46,69,50,30,23,21,5.0,5.0,4.0,2.0,0.0,2022-02-07,월요일,870,승차,용마산(용마폭포공원),2725.0,20581,2022-12-31
74,59,52,94,94,79,59,55,72,50,55,41,31,30,18,7.0,5.0,1.0,1.0,0.0,2022-02-08,화요일,877,승차,용마산(용마폭포공원),2725.0,21125,2022-12-31
83,53,52,98,74,66,55,68,61,48,59,39,18,26,22,16.0,5.0,2.0,1.0,0.0,2022-02-09,수요일,846,승차,용마산(용마폭포공원),2725.0,21669,2022-12-31
72,54,67,95,86,69,56,52,63,63,88,37,35,26,25,4.0,4.0,1.0,0.0,0.0,2022-02-10,목요일,897,승차,용마산(용마폭포공원),2725.0,22213,2022-12-31
78,51,57,90,63,76,62,68,61,50,44,60,40,27,26,8.0,4.0,3.0,2.0,0.0,2022-02-11,금요일,870,승차,용마산(용마폭포공원),2725.0,22757,2022-12-31
47,40,40,47,65,65,72,53,58,49,48,52,37,21,23,9.0,2.0,1.0,1.0,0.0,2022-02-12,토요일,730,승차,용마산(용마폭포공원),2725.0,23301,2022-12-31
25,21,26,49,55,64,47,52,43,33,31,33,25,23,12,6.0,3.0,3.0,1.0,0.0,2022-02-13,일요일,552,승차,용마산(용마폭포공원),2725.0,23845,2022-12-31
78,56,55,96,78,78,72,60,63,53,58,48,30,23,22,4.0,2.0,2.0,1.0,0.0,2022-02-14,월요일,879,승차,용마산(용마폭포공원),2725.0,24389,2022-12-31
86,52,53,92,63,76,49,58,65,46,60,39,30,26,18,10.0,3.0,6.0,1.0,0.0,2022-02-15,화요일,833,승차,용마산(용마폭포공원),2725.0,24933,2022-12-31
78,53,63,68,83,65,53,61,67,45,48,30,29,20,24,12.0,2.0,5.0,1.0,0.0,2022-02-16,수요일,807,승차,용마산(용마폭포공원),2725.0,25477,2022-12-31
75,54,54,88,71,65,48,44,41,48,52,41,36,21,16,4.0,2.0,4.0,0.0,0.0,2022-02-17,목요일,764,승차,용마산(용마폭포공원),2725.0,26021,2022-12-31
73,59,60,80,62,77,64,52,68,67,56,31,31,25,24,11.0,7.0,4.0,1.0,0.0,2022-02-18,금요일,852,승차,용마산(용마폭포공원),2725.0,26565,2022-12-31
43,42,36,54,65,71,58,49,56,53,43,31,29,28,8,5.0,7.0,3.0,1.0,0.0,2022-02-19,토요일,682,승차,용마산(용마폭포공원),2725.0,27109,2022-12-31
35,21,19,30,46,55,42,34,49,30,32,25,23,16,6,2.0,5.0,4.0,2.0,0.0,2022-02-20,일요일,476,승차,용마산(용마폭포공원),2725.0,27653,2022-12-31
89,58,63,79,80,82,55,53,66,55,44,43,30,26,15,6.0,2.0,4.0,1.0,0.0,2022-02-21,월요일,851,승차,용마산(용마폭포공원),2725.0,28197,2022-12-31
74,58,49,92,92,74,64,53,63,41,46,46,27,24,25,10.0,6.0,1.0,1.0,0.0,2022-02-22,화요일,846,승차,용마산(용마폭포공원),2725.0,28741,2022-12-31
73,54,51,93,74,67,50,77,48,60,53,31,32,22,27,13.0,3.0,5.0,1.0,0.0,2022-02-23,수요일,834,승차,용마산(용마폭포공원),2725.0,29285,2022-12-31
74,57,61,81,80,86,54,39,49,60,53,38,31,33,19,9.0,6.0,6.0,0.0,0.0,2022-02-24,목요일,836,승차,용마산(용마폭포공원),2725.0,29829,2022-12-31
76,55,62,84,74,62,69,57,85,58,58,45,35,31,22,8.0,4.0,4.0,5.0,0.0,2022-02-25,금요일,894,승차,용마산(용마폭포공원),2725.0,30373,2022-12-31
48,36,43,56,59,57,65,51,52,52,24,33,31,14,10,4.0,7.0,4.0,3.0,0.0,2022-02-26,토요일,649,승차,용마산(용마폭포공원),2725.0,30917,2022-12-31
30,22,21,33,60,55,32,56,44,40,24,25,21,20,3,4.0,7.0,3.0,1.0,0.0,2022-02-27,일요일,501,승차,용마산(용마폭포공원),2725.0,31461,2022-12-31
76,53,57,91,74,81,51,65,72,63,46,35,35,26,23,12.0,5.0,4.0,1.0,0.0,2022-02-28,월요일,870,승차,용마산(용마폭포공원),2725.0,32005,2022-12-31
34,26,38,41,43,59,44,48,44,42,39,32,27,20,13,4.0,8.0,3.0,2.0,0.0,2022-03-01,화요일,567,승차,용마산(용마폭포공원),2725.0,32549,2022-12-31
77,58,60,99,73,81,64,69,56,50,47,37,34,33,21,11.0,5.0,2.0,2.0,0.0,2022-03-02,수요일,879,승차,용마산(용마폭포공원),2725.0,33093,2022-12-31
76,48,65,98,93,80,78,56,59,50,57,42,30,23,20,6.0,3.0,2.0,0.0,0.0,2022-03-03,목요일,886,승차,용마산(용마폭포공원),2725.0,33637,2022-12-31
69,54,59,95,67,77,53,72,56,60,36,39,22,22,20,15.0,5.0,1.0,2.0,0.0,2022-03-04,금요일,824,승차,용마산(용마폭포공원),2725.0,34181,2022-12-31
39,34,37,50,77,54,60,52,75,35,43,33,24,23,13,7.0,2.0,4.0,1.0,0.0,2022-03-05,토요일,663,승차,용마산(용마폭포공원),2725.0,34725,2022-12-31
25,25,23,40,51,53,46,41,48,39,29,23,35,20,10,4.0,4.0,3.0,3.0,0.0,2022-03-06,일요일,522,승차,용마산(용마폭포공원),2725.0,35269,2022-12-31
78,52,55,104,93,71,59,59,76,65,52,38,29,23,25,4.0,6.0,3.0,1.0,0.0,2022-03-07,월요일,893,승차,용마산(용마폭포공원),2725.0,35813,2022-12-31
73,57,62,91,93,72,55,58,69,55,64,35,27,25,18,12.0,3.0,4.0,1.0,0.0,2022-03-08,화요일,874,승차,용마산(용마폭포공원),2725.0,36357,2022-12-31
34,28,28,55,53,73,45,53,41,38,46,34,21,23,17,10.0,8.0,4.0,1.0,0.0,2022-03-09,수요일,612,승차,용마산(용마폭포공원),2725.0,36901,2022-12-31
67,52,57,95,80,60,61,58,63,36,54,46,37,24,16,9.0,4.0,3.0,0.0,0.0,2022-03-10,목요일,822,승차,용마산(용마폭포공원),2725.0,37445,2022-12-31
66,53,53,84,79,76,63,77,65,43,58,44,31,27,22,12.0,7.0,1.0,1.0,0.0,2022-03-11,금요일,862,승차,용마산(용마폭포공원),2725.0,37989,2022-12-31
37,39,40,60,79,77,68,55,67,41,50,35,21,27,11,7.0,3.0,4.0,1.0,0.0,2022-03-12,토요일,722,승차,용마산(용마폭포공원),2725.0,38533,2022-12-31
22,20,16,47,36,53,37,50,32,36,30,23,15,10,8,5.0,5.0,3.0,1.0,0.0,2022-03-13,일요일,449,승차,용마산(용마폭포공원),2725.0,39077,2022-12-31
76,49,57,106,75,54,76,79,44,39,55,45,24,17,18,11.0,5.0,1.0,0.0,0.0,2022-03-14,월요일,831,승차,용마산(용마폭포공원),2725.0,39621,2022-12-31
72,43,46,91,100,89,55,64,56,63,57,38,40,31,15,6.0,3.0,2.0,1.0,0.0,2022-03-15,화요일,872,승차,용마산(용마폭포공원),2725.0,40165,2022-12-31
73,55,58,87,87,73,70,77,61,52,59,55,31,25,22,9.0,5.0,2.0,2.0,0.0,2022-03-16,수요일,903,승차,용마산(용마폭포공원),2725.0,40709,2022-12-31
81,50,64,77,99,72,53,55,73,48,53,37,38,21,22,11.0,4.0,2.0,1.0,0.0,2022-03-17,목요일,861,승차,용마산(용마폭포공원),2725.0,41253,2022-12-31
74,56,57,86,90,64,60,70,61,45,50,34,27,26,23,8.0,9.0,3.0,4.0,0.0,2022-03-18,금요일,847,승차,용마산(용마폭포공원),2725.0,41797,2022-12-31
41,30,32,55,46,34,50,51,51,32,32,28,35,15,16,4.0,2.0,3.0,4.0,0.0,2022-03-19,토요일,561,승차,용마산(용마폭포공원),2725.0,42341,2022-12-31
29,25,12,33,56,54,43,42,40,31,30,25,23,18,11,6.0,4.0,2.0,2.0,0.0,2022-03-20,일요일,486,승차,용마산(용마폭포공원),2725.0,42885,2022-12-31
75,44,63,103,96,64,46,62,68,60,52,44,31,21,20,8.0,3.0,1.0,1.0,0.0,2022-03-21,월요일,862,승차,용마산(용마폭포공원),2725.0,43429,2022-12-31
71,52,58,98,95,62,71,70,70,53,51,46,27,26,19,11.0,2.0,1.0,0.0,0.0,2022-03-22,화요일,883,승차,용마산(용마폭포공원),2725.0,43973,2022-12-31
79,48,50,90,90,69,53,56,66,56,61,31,28,16,24,6.0,5.0,1.0,1.0,0.0,2022-03-23,수요일,830,승차,용마산(용마폭포공원),2725.0,44517,2022-12-31
80,55,45,80,86,59,60,57,76,61,74,38,36,23,18,11.0,5.0,2.0,1.0,0.0,2022-03-24,목요일,867,승차,용마산(용마폭포공원),2725.0,45061,2022-12-31
74,48,67,97,91,73,51,61,66,51,57,35,28,22,27,17.0,6.0,2.0,1.0,0.0,2022-03-25,금요일,874,승차,용마산(용마폭포공원),2725.0,45605,2022-12-31
43,36,32,41,53,41,61,45,35,40,35,33,24,23,9,6.0,6.0,3.0,1.0,0.0,2022-03-26,토요일,567,승차,용마산(용마폭포공원),2725.0,46149,2022-12-31
40,14,23,42,49,64,42,59,36,41,26,36,30,16,14,4.0,4.0,0.0,1.0,0.0,2022-03-27,일요일,541,승차,용마산(용마폭포공원),2725.0,46693,2022-12-31
83,47,64,97,93,59,59,62,64,71,69,51,33,24,24,7.0,6.0,1.0,1.0,0.0,2022-03-28,월요일,915,승차,용마산(용마폭포공원),2725.0,47237,2022-12-31
67,51,64,88,88,89,62,73,84,50,58,35,31,26,27,6.0,2.0,0.0,1.0,0.0,2022-03-29,화요일,902,승차,용마산(용마폭포공원),2725.0,47781,2022-12-31
83,56,55,84,95,50,61,73,68,43,35,37,23,19,22,11.0,7.0,0.0,1.0,0.0,2022-03-30,수요일,823,승차,용마산(용마폭포공원),2725.0,48325,2022-12-31
83,43,69,100,92,73,53,73,73,55,56,36,33,20,25,13.0,3.0,7.0,3.0,0.0,2022-03-31,목요일,910,승차,용마산(용마폭포공원),2725.0,48869,2022-12-31
72,54,65,112,88,64,61,64,70,56,55,39,39,18,26,11.0,4.0,2.0,2.0,0.0,2022-04-01,금요일,902,승차,용마산(용마폭포공원),2725.0,49413,2022-12-31
47,30,33,62,62,59,55,68,65,45,43,58,35,15,20,10.0,9.0,4.0,2.0,0.0,2022-04-02,토요일,722,승차,용마산(용마폭포공원),2725.0,49957,2022-12-31
30,29,25,51,57,58,45,62,48,50,50,27,22,22,17,3.0,5.0,4.0,3.0,0.0,2022-04-03,일요일,608,승차,용마산(용마폭포공원),2725.0,50501,2022-12-31
77,53,60,107,117,72,54,67,86,59,64,42,19,21,26,19.0,6.0,5.0,1.0,0.0,2022-04-04,월요일,955,승차,용마산(용마폭포공원),2725.0,51045,2022-12-31
81,60,58,99,90,91,56,88,75,57,58,42,35,25,22,10.0,6.0,1.0,1.0,0.0,2022-04-05,화요일,955,승차,용마산(용마폭포공원),2725.0,51589,2022-12-31
89,57,56,101,88,79,64,73,77,44,53,43,30,34,24,6.0,11.0,3.0,2.0,0.0,2022-04-06,수요일,934,승차,용마산(용마폭포공원),2725.0,52133,2022-12-31
74,56,70,89,87,84,56,71,67,58,54,46,39,22,21,9.0,3.0,3.0,1.0,0.0,2022-04-07,목요일,910,승차,용마산(용마폭포공원),2725.0,52677,2022-12-31
76,53,61,96,80,83,58,69,72,47,58,50,44,29,30,16.0,9.0,6.0,2.0,0.0,2022-04-08,금요일,939,승차,용마산(용마폭포공원),2725.0,53221,2022-12-31
47,45,42,72,75,69,53,53,64,52,38,32,30,22,13,13.0,4.0,3.0,1.0,0.0,2022-04-09,토요일,728,승차,용마산(용마폭포공원),2725.0,53765,2022-12-31
28,18,26,62,51,75,67,58,55,48,31,26,39,28,13,6.0,5.0,6.0,0.0,0.0,2022-04-10,일요일,642,승차,용마산(용마폭포공원),2725.0,54309,2022-12-31
86,57,68,102,96,102,60,60,62,62,59,55,47,24,21,5.0,7.0,1.0,1.0,0.0,2022-04-11,월요일,975,승차,용마산(용마폭포공원),2725.0,54853,2022-12-31
80,57,63,99,98,71,71,58,78,44,55,41,33,38,28,9.0,5.0,2.0,1.0,0.0,2022-04-12,화요일,931,승차,용마산(용마폭포공원),2725.0,55397,2022-12-31
68,63,55,88,74,91,52,75,77,55,50,37,33,26,32,7.0,3.0,4.0,0.0,0.0,2022-04-13,수요일,890,승차,용마산(용마폭포공원),2725.0,55941,2022-12-31
76,51,63,103,97,75,67,70,72,59,56,36,39,27,21,10.0,5.0,4.0,2.0,0.0,2022-04-14,목요일,933,승차,용마산(용마폭포공원),2725.0,56485,2022-12-31
78,55,67,111,87,70,64,63,77,60,50,53,25,27,24,17.0,5.0,1.0,3.0,0.0,2022-04-15,금요일,937,승차,용마산(용마폭포공원),2725.0,57029,2022-12-31
47,43,48,76,81,62,79,54,74,50,61,54,27,16,14,2.0,5.0,1.0,1.0,0.0,2022-04-16,토요일,795,승차,용마산(용마폭포공원),2725.0,57573,2022-12-31
31,34,35,58,66,60,59,54,55,34,46,36,21,17,11,9.0,8.0,0.0,2.0,0.0,2022-04-17,일요일,636,승차,용마산(용마폭포공원),2725.0,58117,2022-12-31
88,52,67,110,83,92,56,69,75,46,65,45,32,16,25,11.0,3.0,0.0,2.0,0.0,2022-04-18,월요일,937,승차,용마산(용마폭포공원),2725.0,58661,2022-12-31
77,63,81,104,83,89,55,88,68,73,62,34,40,26,22,8.0,4.0,3.0,1.0,0.0,2022-04-19,화요일,981,승차,용마산(용마폭포공원),2725.0,59205,2022-12-31
85,56,56,99,87,99,84,70,77,64,67,61,42,29,22,11.0,9.0,6.0,0.0,0.0,2022-04-20,수요일,1024,승차,용마산(용마폭포공원),2725.0,59749,2022-12-31
83,60,77,99,106,71,88,76,70,39,64,47,45,27,14,13.0,8.0,3.0,1.0,0.0,2022-04-21,목요일,991,승차,용마산(용마폭포공원),2725.0,60293,2022-12-31
81,51,65,102,92,61,73,63,74,44,56,34,31,26,21,13.0,7.0,4.0,1.0,0.0,2022-04-22,금요일,899,승차,용마산(용마폭포공원),2725.0,60837,2022-12-31
49,49,56,66,73,68,71,59,57,38,36,41,34,14,9,8.0,4.0,4.0,2.0,0.0,2022-04-23,토요일,738,승차,용마산(용마폭포공원),2725.0,61381,2022-12-31
35,20,28,54,64,69,66,68,42,39,44,37,11,33,13,5.0,7.0,1.0,1.0,0.0,2022-04-24,일요일,637,승차,용마산(용마폭포공원),2725.0,61925,2022-12-31
78,62,69,101,114,82,73,62,86,54,60,50,30,23,20,11.0,5.0,2.0,2.0,0.0,2022-04-25,월요일,984,승차,용마산(용마폭포공원),2725.0,62469,2022-12-31
69,53,70,94,111,98,72,68,55,60,64,50,34,29,21,11.0,7.0,4.0,2.0,0.0,2022-04-26,화요일,972,승차,용마산(용마폭포공원),2725.0,63013,2022-12-31
77,70,64,106,108,97,91,74,79,44,63,45,42,28,23,13.0,10.0,4.0,1.0,0.0,2022-04-27,수요일,1039,승차,용마산(용마폭포공원),2725.0,63557,2022-12-31
80,62,72,102,102,90,76,63,74,74,60,55,45,28,23,10.0,4.0,2.0,4.0,0.0,2022-04-28,목요일,1026,승차,용마산(용마폭포공원),2725.0,64101,2022-12-31
70,61,64,89,98,76,74,70,59,55,57,42,34,28,38,11.0,8.0,3.0,1.0,0.0,2022-04-29,금요일,938,승차,용마산(용마폭포공원),2725.0,64645,2022-12-31
44,43,45,77,74,85,82,69,59,52,57,39,31,21,19,6.0,9.0,2.0,1.0,0.0,2022-04-30,토요일,815,승차,용마산(용마폭포공원),2725.0,65189,2022-12-31
44,32,30,78,57,74,51,69,51,32,45,26,20,26,9,10.0,5.0,2.0,1.0,0.0,2022-05-01,일요일,662,승차,용마산(용마폭포공원),2725.0,65733,2022-12-31
79,64,80,106,103,69,62,77,62,53,57,41,40,28,26,8.0,6.0,1.0,3.0,0.0,2022-05-02,월요일,965,승차,용마산(용마폭포공원),2725.0,66277,2022-12-31
86,61,76,100,108,74,75,80,72,59,47,36,37,22,18,17.0,8.0,4.0,1.0,0.0,2022-05-03,화요일,981,승차,용마산(용마폭포공원),2725.0,66821,2022-12-31
80,62,63,101,89,93,68,78,73,56,62,47,46,29,20,15.0,7.0,5.0,1.0,0.0,2022-05-04,수요일,995,승차,용마산(용마폭포공원),2725.0,67365,2022-12-31
41,43,46,63,65,63,59,47,57,37,59,47,29,26,17,8.0,6.0,8.0,1.0,0.0,2022-05-05,목요일,722,승차,용마산(용마폭포공원),2725.0,67909,2022-12-31
75,62,70,115,94,66,73,53,62,59,50,36,33,24,23,15.0,7.0,5.0,0.0,0.0,2022-05-06,금요일,922,승차,용마산(용마폭포공원),2725.0,68453,2022-12-31
48,56,40,66,71,74,87,77,65,38,41,48,34,25,18,8.0,3.0,2.0,1.0,0.0,2022-05-07,토요일,802,승차,용마산(용마폭포공원),2725.0,68997,2022-12-31
35,24,44,68,73,85,52,54,48,32,40,33,27,14,8,5.0,6.0,2.0,1.0,0.0,2022-05-08,일요일,651,승차,용마산(용마폭포공원),2725.0,69541,2022-12-31
77,66,69,111,96,77,66,66,77,55,68,46,51,24,32,9.0,5.0,1.0,1.0,0.0,2022-05-09,월요일,997,승차,용마산(용마폭포공원),2725.0,70085,2022-12-31
83,57,78,95,89,89,62,66,78,55,54,54,35,23,22,12.0,9.0,2.0,1.0,0.0,2022-05-10,화요일,964,승차,용마산(용마폭포공원),2725.0,70629,2022-12-31
88,65,70,105,74,74,72,96,73,50,65,57,44,32,19,15.0,7.0,3.0,3.0,0.0,2022-05-11,수요일,1012,승차,용마산(용마폭포공원),2725.0,71173,2022-12-31
86,59,81,100,110,88,75,67,79,54,65,53,42,31,28,14.0,8.0,5.0,1.0,0.0,2022-05-12,목요일,1046,승차,용마산(용마폭포공원),2725.0,71717,2022-12-31
75,63,73,89,88,71,63,72,75,44,68,45,39,25,19,8.0,8.0,8.0,2.0,0.0,2022-05-13,금요일,935,승차,용마산(용마폭포공원),2725.0,72261,2022-12-31
58,44,63,84,78,101,82,58,63,58,46,48,38,29,10,9.0,10.0,3.0,3.0,0.0,2022-05-14,토요일,885,승차,용마산(용마폭포공원),2725.0,72805,2022-12-31
36,37,34,62,82,70,53,64,66,42,44,35,22,19,16,11.0,9.0,5.0,1.0,0.0,2022-05-15,일요일,708,승차,용마산(용마폭포공원),2725.0,73349,2022-12-31
78,60,79,104,97,92,68,70,79,57,83,50,34,25,24,13.0,5.0,1.0,1.0,0.0,2022-05-16,월요일,1020,승차,용마산(용마폭포공원),2725.0,73893,2022-12-31
78,68,82,95,93,88,68,61,75,51,66,45,42,37,23,11.0,4.0,1.0,2.0,0.0,2022-05-17,화요일,990,승차,용마산(용마폭포공원),2725.0,74437,2022-12-31
78,59,68,103,95,82,78,67,66,52,68,34,43,31,25,8.0,10.0,1.0,0.0,0.0,2022-05-18,수요일,968,승차,용마산(용마폭포공원),2725.0,74981,2022-12-31
80,70,67,108,94,97,82,72,83,58,59,45,57,27,23,13.0,7.0,3.0,2.0,0.0,2022-05-19,목요일,1047,승차,용마산(용마폭포공원),2725.0,75525,2022-12-31
73,66,68,99,111,79,66,70,84,40,57,57,42,33,31,17.0,14.0,2.0,4.0,0.0,2022-05-20,금요일,1013,승차,용마산(용마폭포공원),2725.0,76069,2022-12-31
58,50,47,86,87,85,85,51,56,48,57,56,38,29,28,10.0,5.0,4.0,2.0,0.0,2022-05-21,토요일,882,승차,용마산(용마폭포공원),2725.0,76613,2022-12-31
34,28,30,50,86,89,51,65,47,48,58,35,37,26,6,7.0,7.0,3.0,1.0,0.0,2022-05-22,일요일,708,승차,용마산(용마폭포공원),2725.0,77157,2022-12-31
94,70,68,114,86,85,72,70,75,63,66,38,38,24,27,15.0,5.0,4.0,2.0,0.0,2022-05-23,월요일,1016,승차,용마산(용마폭포공원),2725.0,77701,2022-12-31
82,52,71,97,97,82,64,78,67,64,57,38,35,33,26,9.0,10.0,3.0,0.0,0.0,2022-05-24,화요일,965,승차,용마산(용마폭포공원),2725.0,78245,2022-12-31
82,72,63,106,79,90,75,65,70,60,65,62,39,37,22,12.0,8.0,4.0,1.0,0.0,2022-05-25,수요일,1012,승차,용마산(용마폭포공원),2725.0,78789,2022-12-31
81,58,68,92,91,87,73,74,72,54,57,42,41,20,25,16.0,7.0,2.0,2.0,0.0,2022-05-26,목요일,962,승차,용마산(용마폭포공원),2725.0,79333,2022-12-31
77,76,75,96,96,83,87,71,76,56,56,48,48,29,30,11.0,10.0,6.0,1.0,0.0,2022-05-27,금요일,1032,승차,용마산(용마폭포공원),2725.0,79877,2022-12-31
59,45,61,87,91,78,76,64,67,47,54,51,30,27,16,15.0,5.0,2.0,1.0,0.0,2022-05-28,토요일,876,승차,용마산(용마폭포공원),2725.0,80421,2022-12-31
32,42,37,67,79,70,52,58,65,38,52,51,37,16,9,7.0,3.0,1.0,3.0,0.0,2022-05-29,일요일,719,승차,용마산(용마폭포공원),2725.0,80965,2022-12-31
83,57,83,114,101,86,64,67,58,65,58,49,26,25,25,7.0,6.0,1.0,2.0,0.0,2022-05-30,월요일,977,승차,용마산(용마폭포공원),2725.0,81509,2022-12-31
85,72,72,85,95,77,67,100,59,59,64,51,30,37,23,10.0,7.0,1.0,1.0,0.0,2022-05-31,화요일,995,승차,용마산(용마폭포공원),2725.0,82053,2022-12-31
42,36,45,66,65,81,69,45,79,62,43,43,39,21,22,18.0,6.0,11.0,0.0,0.0,2022-06-01,수요일,793,승차,용마산(용마폭포공원),2725.0,82597,2022-12-31
89,72,71,102,90,98,63,59,72,51,59,51,36,27,22,3.0,7.0,4.0,0.0,1.0,2022-06-02,목요일,977,승차,용마산(용마폭포공원),2725.0,83141,2022-12-31
82,63,84,88,104,77,71,61,93,64,62,62,45,30,25,13.0,5.0,8.0,0.0,1.0,2022-06-03,금요일,1038,승차,용마산(용마폭포공원),2725.0,83685,2022-12-31
70,54,60,63,85,75,76,52,51,38,43,44,35,21,15,12.0,7.0,7.0,0.0,1.0,2022-06-04,토요일,809,승차,용마산(용마폭포공원),2725.0,84229,2022-12-31
40,24,34,52,70,88,43,58,53,46,41,38,25,10,17,10.0,8.0,8.0,0.0,0.0,2022-06-05,일요일,665,승차,용마산(용마폭포공원),2725.0,84773,2022-12-31
42,36,30,51,51,56,52,42,60,49,45,31,21,20,17,13.0,10.0,3.0,1.0,0.0,2022-06-06,월요일,630,승차,용마산(용마폭포공원),2725.0,85317,2022-12-31
88,63,96,100,117,105,70,66,83,58,74,50,28,28,25,10.0,5.0,1.0,1.0,0.0,2022-06-07,화요일,1068,승차,용마산(용마폭포공원),2725.0,85861,2022-12-31
80,73,82,109,94,92,90,79,83,70,59,40,40,38,30,13.0,4.0,6.0,1.0,0.0,2022-06-08,수요일,1083,승차,용마산(용마폭포공원),2725.0,86405,2022-12-31
88,63,86,77,74,98,81,67,77,46,66,39,48,24,27,13.0,9.0,6.0,0.0,1.0,2022-06-09,목요일,990,승차,용마산(용마폭포공원),2725.0,86949,2022-12-31
82,71,82,105,95,92,68,68,74,44,52,57,42,34,34,16.0,14.0,2.0,1.0,0.0,2022-06-10,금요일,1033,승차,용마산(용마폭포공원),2725.0,87493,2022-12-31
50,43,44,77,92,91,77,79,61,35,34,51,37,20,21,9.0,7.0,3.0,1.0,1.0,2022-06-11,토요일,833,승차,용마산(용마폭포공원),2725.0,88037,2022-12-31
48,40,36,49,83,77,48,32,59,45,30,40,37,17,17,8.0,10.0,6.0,5.0,0.0,2022-06-12,일요일,687,승차,용마산(용마폭포공원),2725.0,88581,2022-12-31
81,56,74,107,103,81,75,85,74,51,75,27,35,27,20,6.0,11.0,3.0,2.0,0.0,2022-06-13,월요일,993,승차,용마산(용마폭포공원),2725.0,89125,2022-12-31
81,71,85,90,93,96,92,67,82,59,70,42,42,29,26,9.0,8.0,2.0,2.0,0.0,2022-06-14,화요일,1046,승차,용마산(용마폭포공원),2725.0,89669,2022-12-31
76,62,79,85,84,92,73,88,85,42,38,38,42,34,28,4.0,11.0,2.0,2.0,0.0,2022-06-15,수요일,965,승차,용마산(용마폭포공원),2725.0,90213,2022-12-31
81,75,74,101,82,83,88,86,75,73,63,57,56,27,21,12.0,11.0,0.0,2.0,0.0,2022-06-16,목요일,1067,승차,용마산(용마폭포공원),2725.0,90757,2022-12-31
87,63,79,92,94,85,68,81,91,58,59,45,36,20,27,12.0,9.0,5.0,1.0,0.0,2022-06-17,금요일,1012,승차,용마산(용마폭포공원),2725.0,91301,2022-12-31
55,56,60,62,82,79,70,58,45,39,56,50,41,28,15,14.0,7.0,5.0,0.0,1.0,2022-06-18,토요일,823,승차,용마산(용마폭포공원),2725.0,91845,2022-12-31
40,30,29,63,72,98,57,53,45,32,44,34,23,14,10,5.0,9.0,2.0,0.0,1.0,2022-06-19,일요일,661,승차,용마산(용마폭포공원),2725.0,92389,2022-12-31
84,74,76,118,95,87,84,68,68,58,80,43,45,22,23,13.0,7.0,2.0,2.0,1.0,2022-06-20,월요일,1050,승차,용마산(용마폭포공원),2725.0,92933,2022-12-31
88,62,83,99,103,95,65,67,75,59,57,79,40,27,19,12.0,8.0,5.0,2.0,0.0,2022-06-21,화요일,1045,승차,용마산(용마폭포공원),2725.0,93477,2022-12-31
82,71,73,98,93,102,76,55,61,52,57,54,48,39,23,11.0,9.0,2.0,1.0,0.0,2022-06-22,수요일,1007,승차,용마산(용마폭포공원),2725.0,94021,2022-12-31
70,67,78,97,83,75,71,52,62,41,55,34,42,22,13,10.0,6.0,5.0,1.0,1.0,2022-06-23,목요일,885,승차,용마산(용마폭포공원),2725.0,94565,2022-12-31
79,72,71,88,97,83,67,70,77,58,65,37,41,29,24,6.0,16.0,8.0,2.0,0.0,2022-06-24,금요일,990,승차,용마산(용마폭포공원),2725.0,95109,2022-12-31
49,44,70,72,84,70,94,60,52,58,63,59,41,34,19,15.0,10.0,3.0,1.0,0.0,2022-06-25,토요일,898,승차,용마산(용마폭포공원),2725.0,95653,2022-12-31
41,32,23,44,77,71,54,56,48,29,49,26,19,17,10,10.0,10.0,3.0,1.0,0.0,2022-06-26,일요일,620,승차,용마산(용마폭포공원),2725.0,96197,2022-12-31
79,59,77,100,93,89,72,69,57,51,58,41,29,22,20,14.0,6.0,2.0,1.0,0.0,2022-06-27,월요일,939,승차,용마산(용마폭포공원),2725.0,96741,2022-12-31
80,60,72,98,82,91,67,75,67,68,54,45,30,27,25,7.0,8.0,4.0,0.0,1.0,2022-06-28,화요일,961,승차,용마산(용마폭포공원),2725.0,97285,2022-12-31
84,57,82,102,78,77,76,64,67,49,60,36,45,24,18,17.0,9.0,1.0,3.0,0.0,2022-06-29,수요일,949,승차,용마산(용마폭포공원),2725.0,97829,2022-12-31
74,63,58,92,62,67,75,59,71,39,55,44,39,22,23,8.0,9.0,4.0,1.0,1.0,2022-06-30,목요일,866,승차,용마산(용마폭포공원),2725.0,98373,2022-12-31
72,54,80,99,89,91,72,83,86,51,47,43,37,44,61,20.0,13.0,5.0,2.0,0.0,2022-07-01,금요일,1049,승차,용마산(용마폭포공원),2725.0,98917,2022-12-31
53,55,52,70,80,88,70,53,96,83,50,68,36,19,18,16.0,10.0,6.0,2.0,0.0,2022-07-02,토요일,925,승차,용마산(용마폭포공원),2725.0,99461,2022-12-31
37,25,35,56,75,80,47,49,40,42,40,32,25,25,14,11.0,10.0,3.0,1.0,0.0,2022-07-03,일요일,647,승차,용마산(용마폭포공원),2725.0,100005,2022-12-31
82,71,74,114,119,79,74,59,73,55,56,42,43,39,16,9.0,6.0,4.0,2.0,0.0,2022-07-04,월요일,1017,승차,용마산(용마폭포공원),2725.0,100549,2022-12-31
77,60,79,99,100,85,77,74,64,44,48,47,36,21,23,10.0,7.0,4.0,2.0,1.0,2022-07-05,화요일,958,승차,용마산(용마폭포공원),2725.0,101093,2022-12-31
85,79,66,95,82,95,74,77,61,58,45,57,50,36,22,11.0,8.0,4.0,2.0,1.0,2022-07-06,수요일,1008,승차,용마산(용마폭포공원),2725.0,101637,2022-12-31
79,51,69,98,105,86,75,68,73,40,51,41,56,23,20,11.0,5.0,5.0,1.0,0.0,2022-07-07,목요일,957,승차,용마산(용마폭포공원),2725.0,102181,2022-12-31
77,66,70,97,84,90,72,63,84,60,55,43,44,22,32,18.0,14.0,4.0,2.0,1.0,2022-07-08,금요일,998,승차,용마산(용마폭포공원),2725.0,102725,2022-12-31
46,45,61,59,88,66,83,68,71,42,51,55,63,30,18,17.0,10.0,2.0,1.0,1.0,2022-07-09,토요일,877,승차,용마산(용마폭포공원),2725.0,103269,2022-12-31
43,42,26,52,67,84,45,34,44,25,33,37,19,30,16,14.0,2.0,5.0,1.0,0.0,2022-07-10,일요일,619,승차,용마산(용마폭포공원),2725.0,103813,2022-12-31
76,66,69,114,101,88,54,69,60,49,86,49,39,35,25,16.0,8.0,3.0,0.0,1.0,2022-07-11,월요일,1008,승차,용마산(용마폭포공원),2725.0,104357,2022-12-31
88,74,64,89,122,78,72,54,75,62,70,41,29,25,32,15.0,5.0,1.0,2.0,0.0,2022-07-12,화요일,998,승차,용마산(용마폭포공원),2725.0,104901,2022-12-31
79,62,72,87,86,63,79,46,50,41,49,27,27,20,13,5.0,5.0,0.0,3.0,0.0,2022-07-13,수요일,814,승차,용마산(용마폭포공원),2725.0,105445,2022-12-31
76,76,73,87,100,86,61,64,76,56,70,47,57,35,23,9.0,7.0,2.0,2.0,0.0,2022-07-14,목요일,1007,승차,용마산(용마폭포공원),2725.0,105989,2022-12-31
75,71,73,109,93,84,67,70,76,58,47,59,44,38,24,17.0,11.0,10.0,0.0,1.0,2022-07-15,금요일,1027,승차,용마산(용마폭포공원),2725.0,106533,2022-12-31
55,60,50,65,61,96,64,50,39,49,39,30,23,24,14,15.0,9.0,7.0,1.0,0.0,2022-07-16,토요일,751,승차,용마산(용마폭포공원),2725.0,107077,2022-12-31
44,27,25,61,65,64,52,56,46,35,37,39,26,21,14,7.0,4.0,6.0,0.0,0.0,2022-07-17,일요일,629,승차,용마산(용마폭포공원),2725.0,107621,2022-12-31
77,70,71,107,107,77,57,70,74,65,79,47,42,37,22,8.0,5.0,2.0,0.0,1.0,2022-07-18,월요일,1018,승차,용마산(용마폭포공원),2725.0,108165,2022-12-31
78,62,72,107,95,93,72,77,75,62,75,43,26,41,22,13.0,8.0,4.0,3.0,0.0,2022-07-19,화요일,1028,승차,용마산(용마폭포공원),2725.0,108709,2022-12-31
77,77,61,103,106,94,68,75,71,63,49,49,50,29,27,16.0,9.0,1.0,5.0,1.0,2022-07-20,수요일,1031,승차,용마산(용마폭포공원),2725.0,109253,2022-12-31
81,57,63,92,97,80,88,55,72,65,67,51,36,27,24,18.0,6.0,3.0,2.0,0.0,2022-07-21,목요일,984,승차,용마산(용마폭포공원),2725.0,109797,2022-12-31
79,72,66,91,90,74,72,54,84,55,51,36,43,37,28,16.0,8.0,7.0,3.0,0.0,2022-07-22,금요일,966,승차,용마산(용마폭포공원),2725.0,110341,2022-12-31
52,45,59,82,74,81,63,72,67,30,37,49,31,21,16,13.0,6.0,3.0,1.0,0.0,2022-07-23,토요일,802,승차,용마산(용마폭포공원),2725.0,110885,2022-12-31
32,34,24,64,69,71,47,47,54,40,33,29,28,28,13,8.0,7.0,4.0,0.0,0.0,2022-07-24,일요일,632,승차,용마산(용마폭포공원),2725.0,111429,2022-12-31
77,67,69,102,108,90,62,62,71,70,65,45,43,35,21,10.0,7.0,4.0,3.0,0.0,2022-07-25,월요일,1011,승차,용마산(용마폭포공원),2725.0,111973,2022-12-31
70,72,78,92,85,83,77,60,74,51,56,45,34,35,17,14.0,5.0,3.0,1.0,0.0,2022-07-26,화요일,952,승차,용마산(용마폭포공원),2725.0,112517,2022-12-31
75,66,55,95,105,86,63,58,76,53,63,56,34,36,18,19.0,7.0,4.0,1.0,0.0,2022-07-27,수요일,970,승차,용마산(용마폭포공원),2725.0,113061,2022-12-31
73,66,65,81,106,68,58,52,68,42,48,45,49,29,19,12.0,6.0,8.0,2.0,0.0,2022-07-28,목요일,897,승차,용마산(용마폭포공원),2725.0,113605,2022-12-31
68,60,77,100,85,81,71,46,68,60,63,45,25,25,25,13.0,9.0,8.0,1.0,0.0,2022-07-29,금요일,930,승차,용마산(용마폭포공원),2725.0,114149,2022-12-31
46,44,56,63,66,73,50,53,48,43,39,39,23,22,10,11.0,6.0,5.0,1.0,0.0,2022-07-30,토요일,698,승차,용마산(용마폭포공원),2725.0,114693,2022-12-31
28,28,23,51,62,53,50,46,49,31,31,25,25,12,8,9.0,8.0,2.0,0.0,0.0,2022-07-31,일요일,541,승차,용마산(용마폭포공원),2725.0,115237,2022-12-31
70,55,64,84,81,76,68,49,62,46,76,47,36,18,13,9.0,6.0,1.0,4.0,0.0,2022-08-01,월요일,865,승차,용마산(용마폭포공원),2725.0,115781,2022-12-31
72,54,55,88,78,77,73,61,67,52,56,36,19,18,16,18.0,5.0,2.0,2.0,0.0,2022-08-02,화요일,849,승차,용마산(용마폭포공원),2725.0,116325,2022-12-31
76,53,51,83,57,66,50,66,63,60,61,41,49,27,24,17.0,8.0,3.0,1.0,0.0,2022-08-03,수요일,856,승차,용마산(용마폭포공원),2725.0,116869,2022-12-31
86,53,69,95,87,100,65,57,67,55,53,44,47,26,22,14.0,8.0,4.0,2.0,0.0,2022-08-04,목요일,954,승차,용마산(용마폭포공원),2725.0,117413,2022-12-31
73,62,64,93,88,71,53,57,70,49,53,51,39,21,22,17.0,6.0,5.0,1.0,0.0,2022-08-05,금요일,895,승차,용마산(용마폭포공원),2725.0,117957,2022-12-31
45,44,55,57,72,76,66,61,63,50,27,39,28,24,12,15.0,9.0,4.0,2.0,0.0,2022-08-06,토요일,749,승차,용마산(용마폭포공원),2725.0,118501,2022-12-31
35,30,29,48,77,49,41,49,39,39,29,35,22,22,9,12.0,12.0,3.0,0.0,0.0,2022-08-07,일요일,580,승차,용마산(용마폭포공원),2725.0,119045,2022-12-31
75,58,70,99,91,74,61,51,49,48,50,37,29,17,13,8.0,6.0,4.0,2.0,0.0,2022-08-08,월요일,842,승차,용마산(용마폭포공원),2725.0,119589,2022-12-31
69,59,63,61,91,52,41,52,49,55,53,31,24,22,11,8.0,6.0,2.0,3.0,0.0,2022-08-09,화요일,752,승차,용마산(용마폭포공원),2725.0,120133,2022-12-31
68,51,73,90,86,77,66,68,74,50,56,47,34,29,23,12.0,6.0,0.0,2.0,0.0,2022-08-10,수요일,912,승차,용마산(용마폭포공원),2725.0,120677,2022-12-31
73,54,58,70,92,72,56,63,58,52,50,36,39,33,15,13.0,3.0,1.0,2.0,0.0,2022-08-11,목요일,840,승차,용마산(용마폭포공원),2725.0,121221,2022-12-31
66,60,86,93,100,73,57,63,76,48,68,42,45,27,28,9.0,10.0,1.0,2.0,0.0,2022-08-12,금요일,954,승차,용마산(용마폭포공원),2725.0,121765,2022-12-31
48,53,56,55,68,72,72,54,62,41,38,27,26,21,16,12.0,5.0,2.0,1.0,0.0,2022-08-13,토요일,729,승차,용마산(용마폭포공원),2725.0,122309,2022-12-31
28,23,23,58,62,64,37,65,40,47,34,36,23,13,11,11.0,7.0,5.0,0.0,0.0,2022-08-14,일요일,587,승차,용마산(용마폭포공원),2725.0,122853,2022-12-31
35,31,25,52,54,61,66,51,67,34,36,21,20,13,15,9.0,3.0,0.0,0.0,0.0,2022-08-15,월요일,593,승차,용마산(용마폭포공원),2725.0,123397,2022-12-31
79,52,62,95,89,87,87,55,67,46,66,42,42,29,19,10.0,4.0,3.0,2.0,0.0,2022-08-16,화요일,936,승차,용마산(용마폭포공원),2725.0,123941,2022-12-31
70,71,66,89,96,68,67,54,70,47,61,53,48,24,23,8.0,8.0,8.0,1.0,0.0,2022-08-17,수요일,932,승차,용마산(용마폭포공원),2725.0,124485,2022-12-31
80,58,65,96,90,76,83,62,69,65,77,59,42,28,17,7.0,11.0,2.0,1.0,0.0,2022-08-18,목요일,988,승차,용마산(용마폭포공원),2725.0,125029,2022-12-31
67,67,71,81,109,64,62,68,77,66,38,28,37,19,16,12.0,4.0,3.0,1.0,0.0,2022-08-19,금요일,890,승차,용마산(용마폭포공원),2725.0,125573,2022-12-31
46,46,52,70,77,78,72,63,49,51,50,27,39,32,23,13.0,10.0,2.0,3.0,0.0,2022-08-20,토요일,803,승차,용마산(용마폭포공원),2725.0,126117,2022-12-31
38,33,29,60,79,84,50,41,52,38,34,47,27,23,11,13.0,14.0,2.0,0.0,0.0,2022-08-21,일요일,675,승차,용마산(용마폭포공원),2725.0,126661,2022-12-31
83,61,66,102,117,79,81,71,83,59,79,43,39,26,17,11.0,2.0,5.0,1.0,0.0,2022-08-22,월요일,1025,승차,용마산(용마폭포공원),2725.0,127205,2022-12-31
68,67,68,96,89,78,73,73,68,60,69,51,26,36,19,14.0,6.0,6.0,2.0,0.0,2022-08-23,화요일,969,승차,용마산(용마폭포공원),2725.0,127749,2022-12-31
77,63,79,103,107,70,84,73,67,76,72,58,46,28,24,11.0,11.0,3.0,1.0,0.0,2022-08-24,수요일,1053,승차,용마산(용마폭포공원),2725.0,128293,2022-12-31
76,67,75,86,101,80,75,63,70,47,67,59,50,31,20,11.0,7.0,5.0,2.0,1.0,2022-08-25,목요일,993,승차,용마산(용마폭포공원),2725.0,128837,2022-12-31
68,61,75,90,102,94,75,77,79,86,79,53,46,28,28,15.0,13.0,10.0,1.0,0.0,2022-08-26,금요일,1080,승차,용마산(용마폭포공원),2725.0,129381,2022-12-31
59,50,57,72,83,83,79,66,71,67,57,66,54,36,27,19.0,6.0,2.0,1.0,0.0,2022-08-27,토요일,955,승차,용마산(용마폭포공원),2725.0,129925,2022-12-31
46,30,30,68,83,77,73,53,52,46,45,60,30,26,19,14.0,6.0,3.0,0.0,0.0,2022-08-28,일요일,761,승차,용마산(용마폭포공원),2725.0,130469,2022-12-31
78,68,63,113,104,74,80,61,75,53,80,50,37,22,19,18.0,8.0,0.0,2.0,0.0,2022-08-29,월요일,1005,승차,용마산(용마폭포공원),2725.0,131013,2022-12-31
71,56,67,90,85,71,76,57,71,30,48,41,31,27,20,10.0,4.0,1.0,1.0,1.0,2022-08-30,화요일,858,승차,용마산(용마폭포공원),2725.0,131557,2022-12-31
78,71,68,105,95,78,76,77,73,73,68,49,46,39,33,10.0,10.0,4.0,1.0,1.0,2022-08-31,수요일,1055,승차,용마산(용마폭포공원),2725.0,132101,2022-12-31
81,66,83,109,91,97,91,77,67,60,69,55,54,35,25,13.0,13.0,7.0,2.0,1.0,2022-09-01,목요일,1096,승차,용마산(용마폭포공원),2725.0,132645,2022-12-31
82,67,80,104,82,82,77,83,91,64,62,62,45,32,27,17.0,9.0,4.0,3.0,0.0,2022-09-02,금요일,1073,승차,용마산(용마폭포공원),2725.0,133189,2022-12-31
57,55,55,93,80,96,92,66,56,64,49,60,34,27,15,10.0,11.0,0.0,1.0,0.0,2022-09-03,토요일,921,승차,용마산(용마폭포공원),2725.0,133733,2022-12-31
29,34,28,62,72,58,53,43,50,32,42,29,24,14,6,8.0,5.0,3.0,0.0,0.0,2022-09-04,일요일,592,승차,용마산(용마폭포공원),2725.0,134277,2022-12-31
78,47,72,118,83,78,52,57,65,35,60,34,28,22,15,8.0,4.0,0.0,2.0,0.0,2022-09-05,월요일,858,승차,용마산(용마폭포공원),2725.0,134821,2022-12-31
69,58,72,77,76,91,60,86,94,73,76,45,39,43,27,13.0,5.0,7.0,1.0,0.0,2022-09-06,화요일,1012,승차,용마산(용마폭포공원),2725.0,135365,2022-12-31
81,64,68,117,87,101,79,81,86,59,73,55,55,24,31,18.0,12.0,1.0,1.0,0.0,2022-09-07,수요일,1093,승차,용마산(용마폭포공원),2725.0,135909,2022-12-31
76,62,72,92,108,74,67,52,96,60,55,57,48,28,18,11.0,6.0,8.0,4.0,0.0,2022-09-08,목요일,994,승차,용마산(용마폭포공원),2725.0,136453,2022-12-31
27,30,28,31,45,46,34,37,32,36,36,28,23,15,9,16.0,7.0,2.0,1.0,0.0,2022-09-09,금요일,483,승차,용마산(용마폭포공원),2725.0,136997,2022-12-31
16,26,29,18,22,30,33,25,26,22,33,29,30,17,14,11.0,5.0,0.0,3.0,0.0,2022-09-10,토요일,389,승차,용마산(용마폭포공원),2725.0,137541,2022-12-31
24,23,21,47,64,62,37,40,47,25,43,43,28,22,11,9.0,10.0,7.0,2.0,0.0,2022-09-11,일요일,565,승차,용마산(용마폭포공원),2725.0,138085,2022-12-31
27,35,19,51,59,46,65,62,64,61,36,47,29,31,13,11.0,12.0,5.0,0.0,0.0,2022-09-12,월요일,673,승차,용마산(용마폭포공원),2725.0,138629,2022-12-31
76,65,75,105,86,79,73,70,67,64,68,67,31,31,19,6.0,2.0,1.0,1.0,0.0,2022-09-13,화요일,986,승차,용마산(용마폭포공원),2725.0,139173,2022-12-31
76,64,65,111,97,76,76,68,75,70,62,47,41,28,27,12.0,10.0,4.0,1.0,0.0,2022-09-14,수요일,1010,승차,용마산(용마폭포공원),2725.0,139717,2022-12-31
83,67,73,114,103,91,75,71,87,79,53,56,47,37,24,11.0,4.0,1.0,1.0,0.0,2022-09-15,목요일,1077,승차,용마산(용마폭포공원),2725.0,140261,2022-12-31
93,68,65,90,87,83,78,60,74,57,53,46,27,29,28,22.0,9.0,6.0,1.0,0.0,2022-09-16,금요일,976,승차,용마산(용마폭포공원),2725.0,140805,2022-12-31
69,53,44,79,81,86,85,58,69,49,47,55,36,31,26,12.0,12.0,2.0,0.0,0.0,2022-09-17,토요일,894,승차,용마산(용마폭포공원),2725.0,141349,2022-12-31
37,34,35,69,89,86,59,47,41,63,45,38,23,27,17,9.0,10.0,3.0,0.0,0.0,2022-09-18,일요일,732,승차,용마산(용마폭포공원),2725.0,141893,2022-12-31
92,65,65,126,90,71,75,80,66,52,80,59,32,40,19,10.0,8.0,2.0,2.0,1.0,2022-09-19,월요일,1035,승차,용마산(용마폭포공원),2725.0,142437,2022-12-31
86,71,70,90,90,77,81,86,79,82,66,55,24,35,22,11.0,6.0,4.0,2.0,0.0,2022-09-20,화요일,1037,승차,용마산(용마폭포공원),2725.0,142981,2022-12-31
93,61,58,115,97,94,72,68,82,59,66,45,51,37,27,17.0,4.0,3.0,1.0,0.0,2022-09-21,수요일,1050,승차,용마산(용마폭포공원),2725.0,143525,2022-12-31
86,68,78,111,85,91,77,58,70,69,58,61,33,23,30,13.0,4.0,4.0,0.0,2.0,2022-09-22,목요일,1021,승차,용마산(용마폭포공원),2725.0,144069,2022-12-31
73,72,75,101,102,81,80,86,85,66,67,43,41,25,26,16.0,6.0,3.0,1.0,2.0,2022-09-23,금요일,1051,승차,용마산(용마폭포공원),2725.0,144613,2022-12-31
58,51,63,74,101,59,95,69,75,60,70,62,32,33,15,19.0,5.0,2.0,1.0,0.0,2022-09-24,토요일,944,승차,용마산(용마폭포공원),2725.0,145157,2022-12-31
45,27,25,72,73,86,68,65,71,56,48,54,28,13,10,9.0,6.0,2.0,0.0,0.0,2022-09-25,일요일,758,승차,용마산(용마폭포공원),2725.0,145701,2022-12-31
86,68,79,110,100,78,69,73,94,61,87,62,44,33,29,10.0,8.0,6.0,2.0,1.0,2022-09-26,월요일,1100,승차,용마산(용마폭포공원),2725.0,146245,2022-12-31
88,62,65,112,99,79,83,86,81,66,75,59,46,35,19,13.0,6.0,0.0,0.0,0.0,2022-09-27,화요일,1074,승차,용마산(용마폭포공원),2725.0,146789,2022-12-31
97,72,64,107,105,77,87,80,79,96,56,44,46,40,28,11.0,6.0,4.0,1.0,1.0,2022-09-28,수요일,1101,승차,용마산(용마폭포공원),2725.0,147333,2022-12-31
89,67,69,107,102,84,75,59,86,74,82,63,39,36,20,13.0,9.0,5.0,0.0,0.0,2022-09-29,목요일,1079,승차,용마산(용마폭포공원),2725.0,147877,2022-12-31
92,85,68,103,103,74,79,68,80,57,60,50,50,32,23,20.0,12.0,4.0,3.0,0.0,2022-09-30,금요일,1063,승차,용마산(용마폭포공원),2725.0,148421,2022-12-31
59,44,52,83,96,97,76,56,84,46,61,38,21,26,8,11.0,6.0,3.0,1.0,0.0,2022-10-01,토요일,868,승차,용마산(용마폭포공원),2725.0,148965,2022-12-31
31,34,24,52,55,81,53,59,55,42,59,32,32,7,8,6.0,14.0,2.0,1.0,0.0,2022-10-02,일요일,647,승차,용마산(용마폭포공원),2725.0,149509,2022-12-31
41,31,28,44,39,61,55,50,34,40,38,28,21,20,21,9.0,4.0,4.0,0.0,0.0,2022-10-03,월요일,568,승차,용마산(용마폭포공원),2725.0,150053,2022-12-31
92,65,66,107,87,95,90,89,95,74,65,53,39,25,20,12.0,6.0,2.0,2.0,0.0,2022-10-04,화요일,1084,승차,용마산(용마폭포공원),2725.0,150597,2022-12-31
91,63,65,120,106,71,82,73,59,72,84,44,48,39,21,12.0,9.0,4.0,0.0,0.0,2022-10-05,수요일,1063,승차,용마산(용마폭포공원),2725.0,151141,2022-12-31
90,71,66,104,118,82,84,78,92,66,67,54,42,22,22,13.0,6.0,8.0,0.0,0.0,2022-10-06,목요일,1085,승차,용마산(용마폭포공원),2725.0,151685,2022-12-31
84,66,67,125,115,78,91,69,67,75,63,38,44,28,22,28.0,10.0,3.0,1.0,0.0,2022-10-07,금요일,1074,승차,용마산(용마폭포공원),2725.0,152229,2022-12-31
76,64,55,83,77,76,90,88,56,83,79,87,67,44,43,33.0,29.0,6.0,0.0,0.0,2022-10-08,토요일,1136,승차,용마산(용마폭포공원),2725.0,152773,2022-12-31
32,19,27,56,67,77,56,48,51,36,28,31,17,13,10,5.0,5.0,6.0,3.0,0.0,2022-10-09,일요일,587,승차,용마산(용마폭포공원),2725.0,153317,2022-12-31
40,45,38,67,61,67,81,49,58,59,47,39,29,24,22,16.0,7.0,4.0,1.0,0.0,2022-10-10,월요일,754,승차,용마산(용마폭포공원),2725.0,153861,2022-12-31
89,65,79,119,97,72,79,65,72,61,68,38,41,30,29,9.0,3.0,5.0,2.0,2.0,2022-10-11,화요일,1025,승차,용마산(용마폭포공원),2725.0,154405,2022-12-31
85,78,82,114,83,93,69,53,84,73,82,50,41,33,29,14.0,9.0,5.0,2.0,1.0,2022-10-12,수요일,1080,승차,용마산(용마폭포공원),2725.0,154949,2022-12-31
84,69,87,110,101,108,79,60,99,63,57,59,44,29,23,8.0,8.0,3.0,2.0,0.0,2022-10-13,목요일,1093,승차,용마산(용마폭포공원),2725.0,155493,2022-12-31
90,82,84,105,94,87,82,77,70,68,72,41,38,31,30,20.0,7.0,8.0,1.0,0.0,2022-10-14,금요일,1087,승차,용마산(용마폭포공원),2725.0,156037,2022-12-31
55,60,62,78,94,97,92,76,56,59,42,49,31,30,13,14.0,5.0,6.0,0.0,0.0,2022-10-15,토요일,919,승차,용마산(용마폭포공원),2725.0,156581,2022-12-31
45,40,31,52,77,93,56,51,52,47,44,37,25,12,7,12.0,9.0,3.0,1.0,0.0,2022-10-16,일요일,694,승차,용마산(용마폭포공원),2725.0,157125,2022-12-31
88,61,69,121,103,83,80,88,74,62,87,50,46,32,21,13.0,4.0,1.0,2.0,1.0,2022-10-17,월요일,1086,승차,용마산(용마폭포공원),2725.0,157669,2022-12-31
85,67,79,110,85,88,84,80,80,56,50,49,31,41,23,8.0,6.0,2.0,1.0,1.0,2022-10-18,화요일,1026,승차,용마산(용마폭포공원),2725.0,158213,2022-12-31
82,66,61,123,93,91,78,53,92,83,58,37,49,27,22,21.0,8.0,2.0,2.0,1.0,2022-10-19,수요일,1049,승차,용마산(용마폭포공원),2725.0,158757,2022-12-31
79,67,61,125,95,98,71,70,79,59,53,63,44,28,30,13.0,6.0,3.0,2.0,0.0,2022-10-20,목요일,1046,승차,용마산(용마폭포공원),2725.0,159301,2022-12-31
81,69,63,131,99,87,64,82,62,46,75,41,30,28,23,19.0,8.0,1.0,3.0,1.0,2022-10-21,금요일,1013,승차,용마산(용마폭포공원),2725.0,159845,2022-12-31
68,61,53,87,93,94,75,48,73,56,56,48,40,14,23,8.0,9.0,4.0,0.0,0.0,2022-10-22,토요일,910,승차,용마산(용마폭포공원),2725.0,160389,2022-12-31
35,25,37,53,89,79,65,58,51,46,66,41,30,18,15,9.0,5.0,2.0,0.0,0.0,2022-10-23,일요일,724,승차,용마산(용마폭포공원),2725.0,160933,2022-12-31
77,73,71,114,106,85,65,66,74,66,80,54,44,27,18,10.0,8.0,3.0,2.0,0.0,2022-10-24,월요일,1043,승차,용마산(용마폭포공원),2725.0,161477,2022-12-31
86,67,80,126,90,81,71,78,78,54,71,42,54,28,25,11.0,12.0,3.0,2.0,1.0,2022-10-25,화요일,1060,승차,용마산(용마폭포공원),2725.0,162021,2022-12-31
90,69,73,135,94,100,61,102,76,78,63,49,52,29,21,11.0,9.0,1.0,1.0,0.0,2022-10-26,수요일,1114,승차,용마산(용마폭포공원),2725.0,162565,2022-12-31
90,70,65,126,101,95,75,65,85,65,58,50,57,32,23,13.0,9.0,1.0,3.0,1.0,2022-10-27,목요일,1084,승차,용마산(용마폭포공원),2725.0,163109,2022-12-31
101,75,67,110,96,92,75,78,72,60,58,58,44,19,31,20.0,9.0,2.0,1.0,1.0,2022-10-28,금요일,1069,승차,용마산(용마폭포공원),2725.0,163653,2022-12-31
76,49,53,86,102,83,78,59,75,57,63,68,73,30,14,14.0,4.0,5.0,1.0,0.0,2022-10-29,토요일,990,승차,용마산(용마폭포공원),2725.0,164197,2022-12-31
40,36,26,64,67,82,55,55,55,44,45,41,26,13,7,7.0,10.0,3.0,2.0,0.0,2022-10-30,일요일,678,승차,용마산(용마폭포공원),2725.0,164741,2022-12-31
81,62,81,115,115,90,70,75,72,80,53,35,43,21,20,9.0,4.0,3.0,2.0,2.0,2022-10-31,월요일,1033,승차,용마산(용마폭포공원),2725.0,165285,2022-12-31
83,62,78,117,101,96,64,81,97,67,75,49,46,26,16,6.0,5.0,4.0,0.0,1.0,2022-11-01,화요일,1074,승차,용마산(용마폭포공원),2725.0,165829,2022-12-31
89,66,78,98,89,92,72,102,73,66,65,41,56,24,30,11.0,5.0,3.0,1.0,0.0,2022-11-02,수요일,1061,승차,용마산(용마폭포공원),2725.0,166373,2022-12-31
83,65,73,115,111,76,71,84,95,62,60,47,35,29,17,11.0,5.0,8.0,1.0,0.0,2022-11-03,목요일,1048,승차,용마산(용마폭포공원),2725.0,166917,2022-12-31
78,68,78,115,98,76,57,67,94,70,51,47,40,34,24,23.0,6.0,6.0,1.0,0.0,2022-11-04,금요일,1033,승차,용마산(용마폭포공원),2725.0,167461,2022-12-31
64,55,50,78,97,78,79,55,72,63,69,53,36,23,15,13.0,9.0,4.0,1.0,0.0,2022-11-05,토요일,914,승차,용마산(용마폭포공원),2725.0,168005,2022-12-31
50,31,24,62,74,61,61,65,44,55,52,37,34,23,7,4.0,8.0,3.0,1.0,0.0,2022-11-06,일요일,696,승차,용마산(용마폭포공원),2725.0,168549,2022-12-31
79,67,79,113,81,81,70,69,73,61,72,46,55,27,21,12.0,4.0,6.0,1.0,1.0,2022-11-07,월요일,1018,승차,용마산(용마폭포공원),2725.0,169093,2022-12-31
92,57,69,96,99,83,79,79,79,64,49,53,47,33,18,12.0,6.0,3.0,1.0,1.0,2022-11-08,화요일,1020,승차,용마산(용마폭포공원),2725.0,169637,2022-12-31
90,72,80,105,96,78,75,75,71,51,64,49,50,33,23,10.0,12.0,5.0,1.0,0.0,2022-11-09,수요일,1040,승차,용마산(용마폭포공원),2725.0,170181,2022-12-31
84,65,82,116,101,85,97,58,85,61,65,49,63,35,18,16.0,3.0,6.0,0.0,0.0,2022-11-10,목요일,1089,승차,용마산(용마폭포공원),2725.0,170725,2022-12-31
80,64,81,114,91,96,74,78,67,60,43,54,47,23,35,17.0,16.0,6.0,1.0,0.0,2022-11-11,금요일,1047,승차,용마산(용마폭포공원),2725.0,171269,2022-12-31
48,42,50,74,80,76,83,61,62,55,57,42,28,13,16,9.0,6.0,3.0,2.0,0.0,2022-11-12,토요일,807,승차,용마산(용마폭포공원),2725.0,171813,2022-12-31
34,27,19,36,59,77,68,45,40,41,49,31,26,17,4,5.0,6.0,5.0,1.0,0.0,2022-11-13,일요일,590,승차,용마산(용마폭포공원),2725.0,172357,2022-12-31
90,63,69,111,102,90,67,74,71,67,82,54,48,27,17,10.0,5.0,4.0,0.0,0.0,2022-11-14,월요일,1051,승차,용마산(용마폭포공원),2725.0,172901,2022-12-31
77,66,72,89,91,99,58,65,86,57,65,38,45,30,21,15.0,8.0,4.0,1.0,1.0,2022-11-15,화요일,988,승차,용마산(용마폭포공원),2725.0,173445,2022-12-31
78,59,77,100,73,68,66,81,82,62,60,70,53,47,18,13.0,8.0,2.0,1.0,0.0,2022-11-16,수요일,1018,승차,용마산(용마폭포공원),2725.0,173989,2022-12-31
77,65,70,108,95,87,77,73,76,50,53,43,44,31,20,12.0,5.0,7.0,1.0,0.0,2022-11-17,목요일,994,승차,용마산(용마폭포공원),2725.0,174533,2022-12-31
80,63,86,114,87,76,72,57,79,55,64,57,39,25,37,21.0,6.0,8.0,2.0,0.0,2022-11-18,금요일,1028,승차,용마산(용마폭포공원),2725.0,175077,2022-12-31
47,51,40,68,76,82,74,60,64,53,38,50,25,20,15,11.0,9.0,5.0,1.0,0.0,2022-11-19,토요일,789,승차,용마산(용마폭포공원),2725.0,175621,2022-12-31
36,24,32,61,83,89,63,67,51,45,52,44,35,20,8,9.0,10.0,3.0,0.0,0.0,2022-11-20,일요일,732,승차,용마산(용마폭포공원),2725.0,176165,2022-12-31
86,66,67,111,82,82,96,58,94,55,85,51,31,23,17,11.0,3.0,4.0,1.0,0.0,2022-11-21,월요일,1023,승차,용마산(용마폭포공원),2725.0,176709,2022-12-31
80,61,59,101,102,85,96,61,71,67,65,47,30,19,26,10.0,6.0,2.0,0.0,0.0,2022-11-22,화요일,988,승차,용마산(용마폭포공원),2725.0,177253,2022-12-31
73,75,80,114,81,71,85,68,72,57,46,51,51,30,21,11.0,6.0,3.0,1.0,0.0,2022-11-23,수요일,996,승차,용마산(용마폭포공원),2725.0,177797,2022-12-31
79,66,69,98,94,72,86,71,78,59,65,42,44,30,26,15.0,4.0,1.0,1.0,1.0,2022-11-24,목요일,1001,승차,용마산(용마폭포공원),2725.0,178341,2022-12-31
69,67,75,112,92,80,84,62,73,57,62,43,44,25,17,21.0,7.0,1.0,1.0,1.0,2022-11-25,금요일,993,승차,용마산(용마폭포공원),2725.0,178885,2022-12-31
44,40,41,84,81,75,63,66,84,60,63,52,37,21,7,8.0,5.0,3.0,0.0,0.0,2022-11-26,토요일,834,승차,용마산(용마폭포공원),2725.0,179429,2022-12-31
34,29,19,60,67,81,52,52,66,53,48,40,30,12,15,12.0,10.0,2.0,2.0,0.0,2022-11-27,일요일,684,승차,용마산(용마폭포공원),2725.0,179973,2022-12-31
75,65,76,98,90,78,77,64,72,54,77,46,36,19,15,12.0,3.0,0.0,1.0,0.0,2022-11-28,월요일,958,승차,용마산(용마폭포공원),2725.0,180517,2022-12-31
70,69,64,92,97,92,73,64,89,73,72,44,37,27,16,13.0,2.0,6.0,0.0,0.0,2022-11-29,화요일,1000,승차,용마산(용마폭포공원),2725.0,181061,2022-12-31
68,67,73,92,101,72,59,58,59,55,59,48,52,31,18,13.0,7.0,2.0,1.0,1.0,2022-11-30,수요일,936,승차,용마산(용마폭포공원),2725.0,181605,2022-12-31
72,65,76,77,96,73,79,51,81,59,60,50,32,26,35,7.0,6.0,1.0,5.0,1.0,2022-12-01,목요일,952,승차,용마산(용마폭포공원),2725.0,182149,2022-12-31
73,60,68,102,92,99,78,56,88,50,64,54,51,23,28,22.0,7.0,1.0,1.0,2.0,2022-12-02,금요일,1019,승차,용마산(용마폭포공원),2725.0,182693,2022-12-31
49,43,39,58,73,62,82,52,55,46,50,61,39,19,16,14.0,4.0,2.0,0.0,0.0,2022-12-03,토요일,764,승차,용마산(용마폭포공원),2725.0,183237,2022-12-31
38,27,17,41,66,68,59,59,54,43,51,44,28,17,6,3.0,8.0,1.0,1.0,0.0,2022-12-04,일요일,631,승차,용마산(용마폭포공원),2725.0,183781,2022-12-31
83,67,65,98,92,79,76,67,66,53,99,48,38,34,20,8.0,5.0,4.0,2.0,0.0,2022-12-05,월요일,1004,승차,용마산(용마폭포공원),2725.0,184325,2022-12-31
74,62,68,102,92,101,74,79,77,61,63,59,38,24,23,15.0,6.0,3.0,1.0,1.0,2022-12-06,화요일,1023,승차,용마산(용마폭포공원),2725.0,184869,2022-12-31
74,67,81,104,84,104,85,66,63,63,75,63,45,22,19,14.0,5.0,3.0,2.0,0.0,2022-12-07,수요일,1039,승차,용마산(용마폭포공원),2725.0,185413,2022-12-31
87,61,70,94,84,100,79,73,66,69,73,79,61,26,28,8.0,11.0,0.0,1.0,1.0,2022-12-08,목요일,1071,승차,용마산(용마폭포공원),2725.0,185957,2022-12-31
71,68,71,101,103,80,88,78,68,58,78,58,55,23,28,18.0,7.0,1.0,1.0,0.0,2022-12-09,금요일,1055,승차,용마산(용마폭포공원),2725.0,186501,2022-12-31
54,45,37,68,84,88,80,68,76,63,59,52,45,27,13,13.0,11.0,1.0,0.0,0.0,2022-12-10,토요일,884,승차,용마산(용마폭포공원),2725.0,187045,2022-12-31
36,28,23,56,59,85,67,50,52,58,54,34,25,22,9,20.0,7.0,0.0,1.0,0.0,2022-12-11,일요일,686,승차,용마산(용마폭포공원),2725.0,187589,2022-12-31
81,64,75,106,83,89,78,81,63,88,78,77,41,21,24,9.0,4.0,1.0,2.0,1.0,2022-12-12,월요일,1066,승차,용마산(용마폭포공원),2725.0,188133,2022-12-31
74,67,82,82,99,96,75,86,83,65,59,53,40,21,15,10.0,14.0,1.0,2.0,0.0,2022-12-13,화요일,1024,승차,용마산(용마폭포공원),2725.0,188677,2022-12-31
74,56,77,85,78,76,70,62,65,49,52,50,54,35,14,8.0,13.0,0.0,2.0,0.0,2022-12-14,수요일,920,승차,용마산(용마폭포공원),2725.0,189221,2022-12-31
68,67,75,102,85,88,71,68,67,40,55,56,38,23,24,11.0,8.0,1.0,5.0,1.0,2022-12-15,목요일,953,승차,용마산(용마폭포공원),2725.0,189765,2022-12-31
71,61,68,88,77,88,73,68,86,70,65,47,32,25,18,15.0,8.0,4.0,0.0,0.0,2022-12-16,금요일,964,승차,용마산(용마폭포공원),2725.0,190309,2022-12-31
50,46,37,63,67,79,86,64,57,42,53,48,43,13,12,10.0,6.0,4.0,2.0,0.0,2022-12-17,토요일,782,승차,용마산(용마폭포공원),2725.0,190853,2022-12-31
38,25,20,49,58,83,59,43,57,42,40,19,31,15,12,6.0,6.0,1.0,1.0,0.0,2022-12-18,일요일,605,승차,용마산(용마폭포공원),2725.0,191397,2022-12-31
75,64,70,96,77,72,64,73,61,56,83,48,27,29,22,9.0,4.0,4.0,2.0,0.0,2022-12-19,월요일,936,승차,용마산(용마폭포공원),2725.0,191941,2022-12-31
75,51,73,101,89,91,90,68,93,73,75,53,43,24,19,13.0,5.0,7.0,2.0,0.0,2022-12-20,화요일,1045,승차,용마산(용마폭포공원),2725.0,192485,2022-12-31
79,69,73,82,80,83,62,57,67,60,71,47,41,31,23,12.0,10.0,3.0,3.0,0.0,2022-12-21,수요일,953,승차,용마산(용마폭포공원),2725.0,193029,2022-12-31
81,60,68,104,81,67,80,69,69,68,75,23,21,14,22,15.0,2.0,1.0,2.0,0.0,2022-12-22,목요일,922,승차,용마산(용마폭포공원),2725.0,193573,2022-12-31
70,61,64,85,72,69,57,50,65,44,55,37,39,19,20,19.0,8.0,1.0,1.0,0.0,2022-12-23,금요일,836,승차,용마산(용마폭포공원),2725.0,194117,2022-12-31
40,37,27,62,68,64,67,52,68,46,51,48,28,17,15,12.0,6.0,2.0,0.0,0.0,2022-12-24,토요일,710,승차,용마산(용마폭포공원),2725.0,194661,2022-12-31
27,31,21,52,64,74,49,55,56,38,52,37,29,18,13,3.0,7.0,2.0,1.0,0.0,2022-12-25,일요일,629,승차,용마산(용마폭포공원),2725.0,195205,2022-12-31
68,60,64,96,102,85,76,75,66,77,83,55,36,19,27,8.0,6.0,0.0,2.0,0.0,2022-12-26,월요일,1005,승차,용마산(용마폭포공원),2725.0,195749,2022-12-31
72,63,58,91,83,82,84,79,74,64,55,51,35,24,19,17.0,7.0,3.0,1.0,0.0,2022-12-27,화요일,962,승차,용마산(용마폭포공원),2725.0,196293,2022-12-31
71,54,70,92,89,86,85,74,78,56,71,46,47,28,25,17.0,10.0,2.0,1.0,2.0,2022-12-28,수요일,1004,승차,용마산(용마폭포공원),2725.0,196837,2022-12-31
74,62,62,79,82,86,52,73,84,58,46,50,28,21,18,15.0,5.0,3.0,3.0,0.0,2022-12-29,목요일,901,승차,용마산(용마폭포공원),2725.0,197381,2022-12-31
62,56,63,103,86,91,78,78,59,63,49,51,47,24,28,8.0,14.0,3.0,1.0,0.0,2022-12-30,금요일,964,승차,용마산(용마폭포공원),2725.0,197925,2022-12-31
41,50,37,47,78,77,79,74,54,52,63,25,33,21,19,9.0,17.0,15.0,0.0,3.0,2022-12-31,토요일,794,승차,용마산(용마폭포공원),2725.0,198469,2022-12-31
37,20,19,53,49,74,43,45,60,43,37,38,26,18,10,6.0,5.0,5.0,0.0,0.0,2023-01-01,일요일,588,승차,용마산(용마폭포공원),2725,453,2023-12-31
68,64,74,91,72,89,56,50,77,51,52,56,51,31,19,8.0,7.0,1.0,2.0,0.0,2023-01-02,월요일,919,승차,용마산(용마폭포공원),2725,997,2023-12-31
68,55,58,92,94,81,61,63,64,75,64,50,31,29,26,8.0,3.0,2.0,1.0,0.0,2023-01-03,화요일,925,승차,용마산(용마폭포공원),2725,1541,2023-12-31
65,72,75,93,74,84,83,66,76,55,48,47,36,29,16,11.0,11.0,2.0,2.0,0.0,2023-01-04,수요일,945,승차,용마산(용마폭포공원),2725,2085,2023-12-31
75,71,66,101,102,73,87,52,97,63,59,55,25,25,26,7.0,5.0,2.0,1.0,0.0,2023-01-05,목요일,992,승차,용마산(용마폭포공원),2725,2629,2023-12-31
73,67,63,108,65,74,79,77,80,72,63,68,40,28,26,18.0,5.0,5.0,1.0,0.0,2023-01-06,금요일,1012,승차,용마산(용마폭포공원),2725,3173,2023-12-31
50,39,36,61,58,73,82,59,65,58,49,34,32,27,17,17.0,2.0,3.0,1.0,0.0,2023-01-07,토요일,763,승차,용마산(용마폭포공원),2725,3717,2023-12-31
31,40,23,59,61,72,48,42,51,46,44,38,31,6,15,10.0,6.0,3.0,1.0,0.0,2023-01-08,일요일,627,승차,용마산(용마폭포공원),2725,4261,2023-12-31
78,66,56,114,82,69,79,73,69,75,70,42,38,26,18,9.0,7.0,0.0,2.0,0.0,2023-01-09,월요일,973,승차,용마산(용마폭포공원),2725,4805,2023-12-31
76,68,59,97,91,95,97,82,94,72,67,52,38,25,18,14.0,8.0,1.0,2.0,1.0,2023-01-10,화요일,1057,승차,용마산(용마폭포공원),2725,5349,2023-12-31
71,63,67,97,80,80,86,77,68,70,52,53,36,31,16,21.0,7.0,8.0,2.0,0.0,2023-01-11,수요일,985,승차,용마산(용마폭포공원),2725,5893,2023-12-31
72,68,69,115,107,89,84,65,81,77,74,42,43,24,35,19.0,4.0,5.0,1.0,0.0,2023-01-12,목요일,1074,승차,용마산(용마폭포공원),2725,6437,2023-12-31
66,54,71,97,72,73,62,67,73,49,46,41,35,24,29,15.0,4.0,6.0,1.0,0.0,2023-01-13,금요일,885,승차,용마산(용마폭포공원),2725,6981,2023-12-31
35,47,51,61,70,69,70,74,68,39,57,42,27,24,16,12.0,6.0,5.0,1.0,0.0,2023-01-14,토요일,774,승차,용마산(용마폭포공원),2725,7525,2023-12-31
34,27,24,52,62,72,58,52,54,35,43,35,26,12,11,7.0,5.0,5.0,0.0,0.0,2023-01-15,일요일,614,승차,용마산(용마폭포공원),2725,8069,2023-12-31
67,77,72,95,93,93,70,67,85,73,76,45,48,32,23,10.0,9.0,1.0,1.0,1.0,2023-01-16,월요일,1038,승차,용마산(용마폭포공원),2725,8613,2023-12-31
65,67,65,104,90,74,79,62,80,67,51,44,43,36,17,9.0,6.0,2.0,1.0,1.0,2023-01-17,화요일,963,승차,용마산(용마폭포공원),2725,9157,2023-12-31
67,71,60,93,97,81,76,76,84,62,70,48,37,31,21,9.0,5.0,3.0,2.0,1.0,2023-01-18,수요일,994,승차,용마산(용마폭포공원),2725,9701,2023-12-31
71,58,62,119,91,80,67,83,77,66,64,62,42,26,19,7.0,5.0,4.0,0.0,1.0,2023-01-19,목요일,1004,승차,용마산(용마폭포공원),2725,10245,2023-12-31
60,68,66,95,74,78,61,65,67,68,57,36,36,27,14,19.0,6.0,3.0,1.0,0.0,2023-01-20,금요일,901,승차,용마산(용마폭포공원),2725,10789,2023-12-31
21,28,19,27,36,29,41,29,46,29,34,21,20,14,12,9.0,2.0,1.0,0.0,0.0,2023-01-21,토요일,418,승차,용마산(용마폭포공원),2725,11333,2023-12-31
22,23,22,29,34,36,26,23,28,28,27,22,14,12,7,9.0,8.0,8.0,2.0,0.0,2023-01-22,일요일,380,승차,용마산(용마폭포공원),2725,11877,2023-12-31
21,25,7,26,35,41,45,42,52,44,41,26,15,14,8,9.0,5.0,3.0,3.0,0.0,2023-01-23,월요일,462,승차,용마산(용마폭포공원),2725,12421,2023-12-31
20,27,10,26,43,30,32,38,41,40,36,23,9,15,9,7.0,5.0,3.0,1.0,0.0,2023-01-24,화요일,415,승차,용마산(용마폭포공원),2725,12965,2023-12-31
61,52,59,80,74,48,60,58,58,56,71,46,31,29,20,12.0,6.0,3.0,2.0,0.0,2023-01-25,수요일,826,승차,용마산(용마폭포공원),2725,13509,2023-12-31
62,69,68,99,83,72,63,67,77,56,52,34,40,18,25,10.0,5.0,2.0,2.0,0.0,2023-01-26,목요일,904,승차,용마산(용마폭포공원),2725,14053,2023-12-31
75,61,69,99,85,80,62,71,72,51,63,36,32,26,21,26.0,3.0,3.0,2.0,0.0,2023-01-27,금요일,937,승차,용마산(용마폭포공원),2725,14597,2023-12-31
42,49,33,68,65,78,69,63,57,61,55,39,43,32,15,9.0,6.0,2.0,0.0,0.0,2023-01-28,토요일,786,승차,용마산(용마폭포공원),2725,15141,2023-12-31
31,28,16,56,77,65,49,49,60,51,50,37,24,14,6,7.0,5.0,2.0,2.0,0.0,2023-01-29,일요일,629,승차,용마산(용마폭포공원),2725,15685,2023-12-31
70,70,59,107,85,94,72,80,89,61,64,48,41,26,20,10.0,4.0,0.0,3.0,0.0,2023-01-30,월요일,1003,승차,용마산(용마폭포공원),2725,16229,2023-12-31
68,64,74,104,93,82,92,72,85,63,55,37,45,27,15,10.0,2.0,3.0,3.0,0.0,2023-01-31,화요일,994,승차,용마산(용마폭포공원),2725,16773,2023-12-31
76,70,79,97,97,96,80,58,63,64,67,60,35,35,24,13.0,4.0,2.0,3.0,0.0,2023-02-01,수요일,1023,승차,용마산(용마폭포공원),2725,17317,2023-12-31
90,60,61,107,87,83,83,80,82,55,67,51,47,38,26,7.0,12.0,2.0,2.0,0.0,2023-02-02,목요일,1040,승차,용마산(용마폭포공원),2725,17861,2023-12-31
72,71,69,101,88,93,78,83,93,71,63,53,47,30,25,14.0,10.0,3.0,3.0,0.0,2023-02-03,금요일,1067,승차,용마산(용마폭포공원),2725,18405,2023-12-31
43,46,53,84,74,92,84,62,75,104,64,41,45,18,26,7.0,10.0,2.0,0.0,0.0,2023-02-04,토요일,930,승차,용마산(용마폭포공원),2725,18949,2023-12-31
29,28,25,47,76,65,65,57,70,44,44,33,19,26,14,10.0,4.0,3.0,1.0,0.0,2023-02-05,일요일,660,승차,용마산(용마폭포공원),2725,19493,2023-12-31
70,59,69,106,93,80,54,78,89,64,65,59,51,29,16,9.0,4.0,0.0,4.0,0.0,2023-02-06,월요일,999,승차,용마산(용마폭포공원),2725,20037,2023-12-31
70,70,67,99,96,96,77,73,77,51,52,48,40,30,28,14.0,5.0,1.0,2.0,0.0,2023-02-07,화요일,996,승차,용마산(용마폭포공원),2725,20581,2023-12-31
77,59,74,110,91,75,91,80,73,60,52,46,46,33,31,10.0,3.0,2.0,2.0,1.0,2023-02-08,수요일,1016,승차,용마산(용마폭포공원),2725,21125,2023-12-31
75,72,70,115,98,99,79,82,84,48,64,54,53,25,32,12.0,6.0,4.0,3.0,1.0,2023-02-09,목요일,1076,승차,용마산(용마폭포공원),2725,21669,2023-12-31
77,73,66,96,83,84,67,64,66,64,62,64,39,28,24,15.0,9.0,5.0,2.0,0.0,2023-02-10,금요일,988,승차,용마산(용마폭포공원),2725,22213,2023-12-31
45,48,44,70,70,72,100,77,75,56,62,39,48,28,26,13.0,3.0,5.0,1.0,0.0,2023-02-11,토요일,882,승차,용마산(용마폭포공원),2725,22757,2023-12-31
36,27,22,59,63,89,72,52,56,42,48,43,19,30,11,11.0,5.0,2.0,1.0,0.0,2023-02-12,일요일,688,승차,용마산(용마폭포공원),2725,23301,2023-12-31
78,74,72,106,99,85,71,58,68,61,72,47,40,33,24,12.0,7.0,0.0,4.0,0.0,2023-02-13,월요일,1011,승차,용마산(용마폭포공원),2725,23845,2023-12-31
75,64,81,108,92,82,88,65,72,51,79,65,48,32,19,9.0,7.0,0.0,2.0,0.0,2023-02-14,화요일,1039,승차,용마산(용마폭포공원),2725,24389,2023-12-31
72,72,72,105,90,97,92,72,76,80,61,48,53,39,24,14.0,9.0,5.0,2.0,0.0,2023-02-15,수요일,1083,승차,용마산(용마폭포공원),2725,24933,2023-12-31
79,68,66,120,83,82,79,76,71,61,65,73,50,24,34,13.0,7.0,4.0,2.0,1.0,2023-02-16,목요일,1058,승차,용마산(용마폭포공원),2725,25477,2023-12-31
74,74,75,102,81,86,84,83,79,67,45,51,40,26,28,22.0,9.0,3.0,1.0,1.0,2023-02-17,금요일,1031,승차,용마산(용마폭포공원),2725,26021,2023-12-31
47,69,45,82,81,106,61,82,76,58,49,73,32,40,26,17.0,2.0,3.0,3.0,0.0,2023-02-18,토요일,952,승차,용마산(용마폭포공원),2725,26565,2023-12-31
35,58,21,57,73,82,59,57,62,46,50,38,14,17,11,9.0,10.0,1.0,2.0,0.0,2023-02-19,일요일,702,승차,용마산(용마폭포공원),2725,27109,2023-12-31
76,101,80,113,101,93,73,71,85,60,71,49,48,36,23,9.0,4.0,3.0,2.0,0.0,2023-02-20,월요일,1098,승차,용마산(용마폭포공원),2725,27653,2023-12-31
81,91,79,97,88,94,88,82,60,49,60,59,41,30,26,11.0,4.0,6.0,3.0,0.0,2023-02-21,화요일,1049,승차,용마산(용마폭포공원),2725,28197,2023-12-31
80,85,80,111,91,83,98,75,69,78,60,55,47,35,25,17.0,5.0,4.0,2.0,0.0,2023-02-22,수요일,1100,승차,용마산(용마폭포공원),2725,28741,2023-12-31
95,79,72,114,87,86,89,75,72,71,68,70,39,31,29,12.0,11.0,2.0,1.0,1.0,2023-02-23,목요일,1104,승차,용마산(용마폭포공원),2725,29285,2023-12-31
88,87,76,101,101,93,66,77,72,58,69,63,52,27,29,18.0,9.0,6.0,2.0,0.0,2023-02-24,금요일,1094,승차,용마산(용마폭포공원),2725,29829,2023-12-31
50,68,45,75,65,68,98,81,65,48,45,66,42,38,23,10.0,6.0,5.0,0.0,0.0,2023-02-25,토요일,898,승차,용마산(용마폭포공원),2725,30373,2023-12-31
35,47,27,61,64,69,64,59,75,55,71,51,34,28,11,11.0,7.0,2.0,0.0,0.0,2023-02-26,일요일,771,승차,용마산(용마폭포공원),2725,30917,2023-12-31
79,107,70,116,100,87,74,72,72,75,67,41,40,31,20,10.0,7.0,5.0,2.0,0.0,2023-02-27,월요일,1075,승차,용마산(용마폭포공원),2725,31461,2023-12-31
74,91,74,120,86,89,87,84,71,53,70,57,56,31,28,11.0,3.0,2.0,0.0,0.0,2023-02-28,화요일,1087,승차,용마산(용마폭포공원),2725,32005,2023-12-31
45,60,33,58,76,70,84,62,54,58,31,38,41,24,31,5.0,12.0,1.0,1.0,0.0,2023-03-01,수요일,784,승차,용마산(용마폭포공원),2725,32549,2023-12-31
85,85,81,101,125,84,82,67,78,75,61,45,60,30,20,11.0,4.0,2.0,2.0,0.0,2023-03-02,목요일,1098,승차,용마산(용마폭포공원),2725,33093,2023-12-31
84,95,72,108,102,105,81,73,73,67,65,49,39,42,22,20.0,12.0,7.0,1.0,1.0,2023-03-03,금요일,1118,승차,용마산(용마폭포공원),2725,33637,2023-12-31
53,60,43,73,90,86,80,76,89,64,49,68,45,30,14,17.0,8.0,8.0,4.0,0.0,2023-03-04,토요일,957,승차,용마산(용마폭포공원),2725,34181,2023-12-31
46,49,22,59,75,88,72,51,60,46,47,47,31,25,22,11.0,5.0,2.0,0.0,0.0,2023-03-05,일요일,758,승차,용마산(용마폭포공원),2725,34725,2023-12-31
89,91,69,113,101,81,74,83,91,74,73,47,38,38,13,16.0,3.0,3.0,1.0,0.0,2023-03-06,월요일,1098,승차,용마산(용마폭포공원),2725,35269,2023-12-31
89,96,82,101,110,86,85,63,74,72,77,49,34,35,17,11.0,4.0,2.0,1.0,0.0,2023-03-07,화요일,1088,승차,용마산(용마폭포공원),2725,35813,2023-12-31
79,103,74,110,106,94,75,72,78,69,53,53,41,31,28,20.0,7.0,3.0,4.0,0.0,2023-03-08,수요일,1100,승차,용마산(용마폭포공원),2725,36357,2023-12-31
87,96,75,98,95,78,75,72,76,296,156,52,62,27,27,14.0,9.0,7.0,1.0,0.0,2023-03-09,목요일,1403,승차,용마산(용마폭포공원),2725,36901,2023-12-31
85,84,77,110,76,87,79,77,62,78,68,59,54,32,24,21.0,15.0,5.0,2.0,0.0,2023-03-10,금요일,1095,승차,용마산(용마폭포공원),2725,37445,2023-12-31
57,60,54,69,94,93,95,60,64,67,66,57,38,24,25,14.0,13.0,0.0,1.0,0.0,2023-03-11,토요일,951,승차,용마산(용마폭포공원),2725,37989,2023-12-31
37,55,22,57,57,57,55,55,44,27,42,23,22,27,13,8.0,10.0,2.0,1.0,0.0,2023-03-12,일요일,614,승차,용마산(용마폭포공원),2725,38533,2023-12-31
89,101,71,135,95,80,59,67,90,66,80,54,46,27,28,13.0,10.0,3.0,1.0,0.0,2023-03-13,월요일,1115,승차,용마산(용마폭포공원),2725,39077,2023-12-31
85,91,74,113,129,86,87,90,70,57,60,55,49,27,22,10.0,4.0,0.0,2.0,0.0,2023-03-14,화요일,1111,승차,용마산(용마폭포공원),2725,39621,2023-12-31
87,86,81,105,109,93,84,64,78,86,57,52,28,28,26,10.0,14.0,3.0,1.0,0.0,2023-03-15,수요일,1092,승차,용마산(용마폭포공원),2725,40165,2023-12-31
87,92,80,112,96,91,67,72,86,68,70,67,55,36,28,15.0,9.0,3.0,1.0,0.0,2023-03-16,목요일,1135,승차,용마산(용마폭포공원),2725,40709,2023-12-31
93,83,79,112,89,83,77,64,77,80,72,52,41,30,37,22.0,7.0,3.0,0.0,0.0,2023-03-17,금요일,1101,승차,용마산(용마폭포공원),2725,41253,2023-12-31
66,68,47,76,83,95,87,77,73,84,99,53,40,38,49,9.0,14.0,6.0,0.0,0.0,2023-03-18,토요일,1064,승차,용마산(용마폭포공원),2725,41797,2023-12-31
42,64,32,60,83,90,61,45,53,50,49,29,30,18,20,9.0,9.0,2.0,0.0,0.0,2023-03-19,일요일,746,승차,용마산(용마폭포공원),2725,42341,2023-12-31
92,98,77,124,91,101,73,77,77,68,88,42,48,26,21,13.0,4.0,5.0,1.0,0.0,2023-03-20,월요일,1126,승차,용마산(용마폭포공원),2725,42885,2023-12-31
91,104,88,127,109,93,78,80,75,65,55,55,38,29,24,14.0,7.0,1.0,1.0,0.0,2023-03-21,화요일,1134,승차,용마산(용마폭포공원),2725,43429,2023-12-31
88,93,77,117,101,80,88,69,59,75,62,54,42,25,18,14.0,9.0,5.0,2.0,0.0,2023-03-22,수요일,1078,승차,용마산(용마폭포공원),2725,43973,2023-12-31
86,102,82,98,92,85,94,76,81,83,61,61,45,33,21,9.0,8.0,6.0,2.0,0.0,2023-03-23,목요일,1125,승차,용마산(용마폭포공원),2725,44517,2023-12-31
82,87,81,104,96,110,71,86,83,82,68,46,52,27,26,16.0,14.0,4.0,3.0,0.0,2023-03-24,금요일,1138,승차,용마산(용마폭포공원),2725,45061,2023-12-31
64,70,46,84,120,97,82,67,73,72,45,55,35,30,38,9.0,13.0,5.0,4.0,0.0,2023-03-25,토요일,1009,승차,용마산(용마폭포공원),2725,45605,2023-12-31
43,50,32,69,74,94,58,62,67,74,48,42,25,21,10,5.0,6.0,1.0,0.0,0.0,2023-03-26,일요일,781,승차,용마산(용마폭포공원),2725,46149,2023-12-31
85,100,77,114,116,95,75,77,72,70,70,67,38,29,23,10.0,4.0,2.0,1.0,0.0,2023-03-27,월요일,1125,승차,용마산(용마폭포공원),2725,46693,2023-12-31
95,94,87,117,102,83,86,82,81,76,52,56,35,35,33,13.0,3.0,4.0,3.0,0.0,2023-03-28,화요일,1137,승차,용마산(용마폭포공원),2725,47237,2023-12-31
92,101,90,105,105,96,71,86,70,78,67,55,37,44,26,12.0,13.0,3.0,1.0,0.0,2023-03-29,수요일,1152,승차,용마산(용마폭포공원),2725,47781,2023-12-31
94,86,81,111,104,104,71,68,98,67,63,59,57,37,33,15.0,6.0,2.0,1.0,2.0,2023-03-30,목요일,1159,승차,용마산(용마폭포공원),2725,48325,2023-12-31
91,114,67,108,93,108,58,78,71,69,60,47,41,39,16,9.0,13.0,2.0,0.0,0.0,2023-03-31,금요일,1084,승차,용마산(용마폭포공원),2725,48869,2023-12-31
53,64,54,82,94,97,75,76,71,64,60,57,37,38,24,11.0,4.0,9.0,2.0,0.0,2023-04-01,토요일,972,승차,용마산(용마폭포공원),2725,49413,2023-12-31
47,60,28,74,81,106,61,71,60,42,55,42,22,18,22,5.0,9.0,4.0,0.0,0.0,2023-04-02,일요일,807,승차,용마산(용마폭포공원),2725,49957,2023-12-31
85,84,78,124,108,93,83,81,77,57,83,52,42,33,25,15.0,12.0,0.0,1.0,0.0,2023-04-03,월요일,1133,승차,용마산(용마폭포공원),2725,50501,2023-12-31
86,97,84,108,103,100,96,78,89,65,81,48,28,35,23,10.0,8.0,4.0,1.0,0.0,2023-04-04,화요일,1144,승차,용마산(용마폭포공원),2725,51045,2023-12-31
78,96,70,103,94,61,58,67,38,60,47,31,33,26,20,11.0,9.0,1.0,1.0,2.0,2023-04-05,수요일,906,승차,용마산(용마폭포공원),2725,51589,2023-12-31
88,101,75,112,95,87,69,68,79,89,61,47,45,25,19,9.0,2.0,5.0,2.0,0.0,2023-04-06,목요일,1078,승차,용마산(용마폭포공원),2725,52133,2023-12-31
89,85,81,121,90,95,77,90,102,79,62,56,30,34,28,9.0,11.0,1.0,0.0,0.0,2023-04-07,금요일,1140,승차,용마산(용마폭포공원),2725,52677,2023-12-31
67,70,60,92,97,119,77,68,75,78,67,48,51,21,17,26.0,5.0,9.0,3.0,0.0,2023-04-08,토요일,1050,승차,용마산(용마폭포공원),2725,53221,2023-12-31
54,70,31,81,83,85,57,66,49,49,44,41,30,23,16,5.0,4.0,3.0,0.0,0.0,2023-04-09,일요일,791,승차,용마산(용마폭포공원),2725,53765,2023-12-31
88,100,75,107,105,112,71,86,90,89,70,53,41,28,18,13.0,8.0,1.0,1.0,0.0,2023-04-10,월요일,1156,승차,용마산(용마폭포공원),2725,54309,2023-12-31
81,93,75,106,105,92,52,70,62,59,48,45,36,29,25,9.0,9.0,2.0,1.0,0.0,2023-04-11,화요일,999,승차,용마산(용마폭포공원),2725,54853,2023-12-31
94,97,67,117,92,70,103,60,87,69,103,35,50,27,21,19.0,8.0,1.0,2.0,0.0,2023-04-12,수요일,1122,승차,용마산(용마폭포공원),2725,55397,2023-12-31
101,89,83,113,109,91,85,81,75,67,47,59,43,35,22,11.0,11.0,3.0,3.0,0.0,2023-04-13,목요일,1128,승차,용마산(용마폭포공원),2725,55941,2023-12-31
86,92,79,102,109,104,93,83,85,75,64,50,47,29,27,17.0,13.0,12.0,0.0,0.0,2023-04-14,금요일,1167,승차,용마산(용마폭포공원),2725,56485,2023-12-31
68,74,55,65,91,79,76,62,53,47,40,41,34,24,17,19.0,7.0,2.0,0.0,0.0,2023-04-15,토요일,854,승차,용마산(용마폭포공원),2725,57029,2023-12-31
42,60,28,64,88,66,44,61,65,58,40,31,31,11,7,7.0,5.0,4.0,0.0,0.0,2023-04-16,일요일,712,승차,용마산(용마폭포공원),2725,57573,2023-12-31
90,106,78,106,93,100,82,74,100,75,90,57,32,25,29,12.0,6.0,5.0,2.0,1.0,2023-04-17,월요일,1163,승차,용마산(용마폭포공원),2725,58117,2023-12-31
85,95,68,92,110,87,79,51,82,70,68,43,24,27,26,17.0,7.0,3.0,3.0,0.0,2023-04-18,화요일,1037,승차,용마산(용마폭포공원),2725,58661,2023-12-31
95,103,88,106,119,109,102,77,73,73,56,68,50,38,28,12.0,10.0,3.0,1.0,0.0,2023-04-19,수요일,1211,승차,용마산(용마폭포공원),2725,59205,2023-12-31
91,113,86,117,107,87,91,66,80,61,58,73,46,20,33,7.0,7.0,6.0,1.0,0.0,2023-04-20,목요일,1150,승차,용마산(용마폭포공원),2725,59749,2023-12-31
88,87,89,119,78,101,79,86,79,76,64,51,40,28,37,15.0,10.0,3.0,1.0,0.0,2023-04-21,금요일,1131,승차,용마산(용마폭포공원),2725,60293,2023-12-31
62,72,65,76,103,88,90,66,80,57,48,71,45,35,13,25.0,7.0,5.0,1.0,1.0,2023-04-22,토요일,1010,승차,용마산(용마폭포공원),2725,60837,2023-12-31
40,53,38,77,80,60,63,69,53,47,44,37,24,11,9,7.0,7.0,2.0,2.0,0.0,2023-04-23,일요일,723,승차,용마산(용마폭포공원),2725,61381,2023-12-31
85,108,88,114,129,92,96,79,88,65,69,52,47,17,26,10.0,11.0,1.0,4.0,0.0,2023-04-24,월요일,1181,승차,용마산(용마폭포공원),2725,61925,2023-12-31
81,86,87,110,105,85,95,63,76,56,54,49,23,28,30,9.0,6.0,3.0,0.0,0.0,2023-04-25,화요일,1046,승차,용마산(용마폭포공원),2725,62469,2023-12-31
95,98,78,109,88,86,95,79,58,71,41,56,36,20,28,9.0,9.0,3.0,1.0,0.0,2023-04-26,수요일,1060,승차,용마산(용마폭포공원),2725,63013,2023-12-31
87,95,84,107,104,94,93,82,75,73,67,61,55,31,23,10.0,9.0,2.0,1.0,0.0,2023-04-27,목요일,1153,승차,용마산(용마폭포공원),2725,63557,2023-12-31
85,95,77,107,103,97,87,78,72,74,59,70,55,36,23,27.0,14.0,2.0,1.0,0.0,2023-04-28,금요일,1162,승차,용마산(용마폭포공원),2725,64101,2023-12-31
62,65,53,71,70,84,71,65,47,50,47,45,35,16,18,8.0,12.0,3.0,1.0,0.0,2023-04-29,토요일,823,승차,용마산(용마폭포공원),2725,64645,2023-12-31
38,68,41,71,86,81,51,64,60,49,45,36,22,13,19,7.0,6.0,4.0,0.0,0.0,2023-04-30,일요일,761,승차,용마산(용마폭포공원),2725,65189,2023-12-31
38,34,35,47,77,82,45,46,34,41,52,40,29,30,13,10.0,5.0,2.0,1.0,0.0,2023-10-01,일요일,661,승차,용마산(용마폭포공원),2725,149048,2023-12-31
39,25,35,69,75,86,72,74,53,51,67,57,45,30,28,7.0,9.0,4.0,1.0,0.0,2023-10-02,월요일,827,승차,용마산(용마폭포공원),2725,149592,2023-12-31
37,33,34,56,73,70,82,72,78,55,62,53,42,30,11,13.0,8.0,1.0,2.0,0.0,2023-10-03,화요일,812,승차,용마산(용마폭포공원),2725,150136,2023-12-31
84,52,76,104,105,97,76,86,80,80,67,36,41,27,34,16.0,10.0,2.0,2.0,0.0,2023-10-04,수요일,1075,승차,용마산(용마폭포공원),2725,150680,2023-12-31
86,74,87,101,109,94,60,79,86,67,69,64,53,31,22,8.0,7.0,5.0,1.0,0.0,2023-10-05,목요일,1103,승차,용마산(용마폭포공원),2725,151224,2023-12-31
80,60,83,102,100,90,71,69,95,63,75,75,57,43,22,20.0,15.0,8.0,2.0,0.0,2023-10-06,금요일,1130,승차,용마산(용마폭포공원),2725,151768,2023-12-31
64,53,57,78,94,76,83,67,108,109,94,73,64,34,63,19.0,9.0,2.0,1.0,0.0,2023-10-07,토요일,1148,승차,용마산(용마폭포공원),2725,152312,2023-12-31
36,30,31,66,89,86,57,58,87,66,65,62,57,42,22,21.0,5.0,1.0,0.0,0.0,2023-10-08,일요일,881,승차,용마산(용마폭포공원),2725,152856,2023-12-31
39,44,40,64,58,79,65,71,71,54,57,58,47,29,27,10.0,7.0,5.0,1.0,0.0,2023-10-09,월요일,826,승차,용마산(용마폭포공원),2725,153400,2023-12-31
93,51,84,113,104,68,70,90,92,60,76,66,53,34,29,11.0,7.0,4.0,2.0,0.0,2023-10-10,화요일,1107,승차,용마산(용마폭포공원),2725,153944,2023-12-31
85,70,81,109,122,93,78,83,94,66,75,58,42,30,26,13.0,10.0,4.0,0.0,1.0,2023-10-11,수요일,1140,승차,용마산(용마폭포공원),2725,154488,2023-12-31
89,56,89,96,93,98,89,88,67,72,65,57,59,26,28,10.0,9.0,3.0,3.0,0.0,2023-10-12,목요일,1097,승차,용마산(용마폭포공원),2725,155032,2023-12-31
95,69,80,115,113,90,81,79,88,86,62,52,50,33,41,7.0,8.0,3.0,3.0,0.0,2023-10-13,금요일,1155,승차,용마산(용마폭포공원),2725,155576,2023-12-31
58,38,56,68,75,97,72,69,65,58,77,52,32,30,19,7.0,5.0,3.0,2.0,0.0,2023-10-14,토요일,883,승차,용마산(용마폭포공원),2725,156120,2023-12-31
50,32,40,70,81,97,74,53,56,58,53,47,28,19,12,8.0,14.0,1.0,2.0,0.0,2023-10-15,일요일,795,승차,용마산(용마폭포공원),2725,156664,2023-12-31
80,59,90,127,93,93,70,89,75,78,81,52,52,30,27,11.0,8.0,5.0,1.0,0.0,2023-10-16,월요일,1121,승차,용마산(용마폭포공원),2725,157208,2023-12-31
91,72,71,103,110,93,87,86,96,54,85,57,44,30,17,14.0,8.0,3.0,2.0,0.0,2023-10-17,화요일,1123,승차,용마산(용마폭포공원),2725,157752,2023-12-31
78,59,82,106,119,88,62,85,69,76,69,63,49,29,30,5.0,14.0,10.0,2.0,0.0,2023-10-18,수요일,1095,승차,용마산(용마폭포공원),2725,158296,2023-12-31
85,69,79,98,88,83,74,76,58,60,71,60,54,22,25,3.0,8.0,5.0,1.0,0.0,2023-10-19,목요일,1019,승차,용마산(용마폭포공원),2725,158840,2023-12-31
85,61,80,106,91,84,80,84,113,84,63,61,92,34,31,20.0,20.0,7.0,1.0,0.0,2023-10-20,금요일,1197,승차,용마산(용마폭포공원),2725,159384,2023-12-31
58,54,49,73,83,97,81,62,52,55,65,52,47,19,23,13.0,10.0,4.0,1.0,0.0,2023-10-21,토요일,898,승차,용마산(용마폭포공원),2725,159928,2023-12-31
43,28,37,61,78,99,63,54,122,87,40,52,32,28,11,5.0,5.0,2.0,2.0,0.0,2023-10-22,일요일,849,승차,용마산(용마폭포공원),2725,160472,2023-12-31
95,70,80,111,97,82,82,70,93,103,70,54,40,30,25,8.0,4.0,2.0,1.0,1.0,2023-10-23,월요일,1118,승차,용마산(용마폭포공원),2725,161016,2023-12-31
79,60,82,124,118,92,86,81,94,57,71,62,36,22,25,7.0,5.0,1.0,1.0,0.0,2023-10-24,화요일,1103,승차,용마산(용마폭포공원),2725,161560,2023-12-31
88,59,88,95,108,95,66,84,79,59,73,74,33,32,28,19.0,8.0,2.0,1.0,0.0,2023-10-25,수요일,1091,승차,용마산(용마폭포공원),2725,162104,2023-12-31
79,55,89,117,105,95,90,88,90,56,74,58,53,20,28,6.0,7.0,4.0,1.0,0.0,2023-10-26,목요일,1115,승차,용마산(용마폭포공원),2725,162648,2023-12-31
89,59,84,102,104,82,80,85,91,64,73,64,52,32,32,13.0,9.0,7.0,2.0,1.0,2023-10-27,금요일,1125,승차,용마산(용마폭포공원),2725,163192,2023-12-31
52,33,56,102,102,76,85,60,79,56,54,68,37,41,16,11.0,5.0,4.0,0.0,0.0,2023-10-28,토요일,937,승차,용마산(용마폭포공원),2725,163736,2023-12-31
35,33,37,63,81,81,69,56,72,46,51,45,26,9,15,6.0,6.0,1.0,3.0,0.0,2023-10-29,일요일,735,승차,용마산(용마폭포공원),2725,164280,2023-12-31
83,65,79,115,112,92,208,65,74,70,69,54,39,41,23,10.0,10.0,5.0,3.0,0.0,2023-10-30,월요일,1217,승차,용마산(용마폭포공원),2725,164824,2023-12-31
86,72,86,107,101,78,74,86,64,77,76,63,37,37,28,12.0,11.0,5.0,3.0,0.0,2023-10-31,화요일,1103,승차,용마산(용마폭포공원),2725,165368,2023-12-31
80,57,75,96,103,77,93,81,76,57,58,51,46,36,28,9.0,14.0,3.0,1.0,0.0,2023-11-01,수요일,1041,승차,용마산(용마폭포공원),2725,165912,2023-12-31
84,69,85,117,111,92,74,82,71,79,60,59,49,28,30,11.0,2.0,8.0,2.0,0.0,2023-11-02,목요일,1113,승차,용마산(용마폭포공원),2725,166456,2023-12-31
78,56,80,114,89,89,74,64,92,64,70,65,49,27,40,21.0,5.0,3.0,2.0,0.0,2023-11-03,금요일,1082,승차,용마산(용마폭포공원),2725,167000,2023-12-31
55,46,48,92,74,93,84,62,70,67,56,63,35,21,19,13.0,22.0,3.0,0.0,0.0,2023-11-04,토요일,923,승차,용마산(용마폭포공원),2725,167544,2023-12-31
35,25,20,60,75,67,54,56,45,40,49,20,19,21,11,7.0,4.0,6.0,0.0,0.0,2023-11-05,일요일,614,승차,용마산(용마폭포공원),2725,168088,2023-12-31
80,60,80,102,85,81,72,74,67,73,74,44,31,17,26,8.0,7.0,2.0,1.0,0.0,2023-11-06,월요일,984,승차,용마산(용마폭포공원),2725,168632,2023-12-31
68,60,75,103,95,96,72,71,85,52,59,71,43,28,18,13.0,3.0,5.0,1.0,0.0,2023-11-07,화요일,1018,승차,용마산(용마폭포공원),2725,169176,2023-12-31
82,66,83,107,94,88,67,85,93,69,63,64,43,30,27,11.0,11.0,2.0,0.0,0.0,2023-11-08,수요일,1085,승차,용마산(용마폭포공원),2725,169720,2023-12-31
78,53,82,98,110,87,75,74,80,72,70,66,49,25,25,15.0,3.0,2.0,1.0,0.0,2023-11-09,목요일,1065,승차,용마산(용마폭포공원),2725,170264,2023-12-31
84,63,74,91,96,104,76,71,63,56,63,43,47,28,37,12.0,9.0,5.0,1.0,0.0,2023-11-10,금요일,1023,승차,용마산(용마폭포공원),2725,170808,2023-12-31
48,30,45,83,81,74,71,72,59,40,49,38,32,28,36,11.0,7.0,5.0,1.0,0.0,2023-11-11,토요일,810,승차,용마산(용마폭포공원),2725,171352,2023-12-31
40,35,26,45,79,70,50,67,59,45,39,39,18,15,14,3.0,12.0,5.0,1.0,0.0,2023-11-12,일요일,662,승차,용마산(용마폭포공원),2725,171896,2023-12-31
85,57,71,115,97,79,67,65,89,68,69,61,49,27,32,8.0,5.0,3.0,3.0,0.0,2023-11-13,월요일,1050,승차,용마산(용마폭포공원),2725,172440,2023-12-31
76,65,88,104,98,92,84,97,68,54,62,60,36,33,23,8.0,5.0,3.0,2.0,0.0,2023-11-14,화요일,1058,승차,용마산(용마폭포공원),2725,172984,2023-12-31
85,53,80,97,90,105,62,88,94,62,60,70,41,29,23,8.0,12.0,5.0,0.0,0.0,2023-11-15,수요일,1064,승차,용마산(용마폭포공원),2725,173528,2023-12-31
78,65,77,109,103,87,67,71,56,57,61,41,33,24,28,14.0,10.0,1.0,2.0,0.0,2023-11-16,목요일,984,승차,용마산(용마폭포공원),2725,174072,2023-12-31
75,57,90,84,93,83,67,79,78,74,62,51,42,38,26,29.0,9.0,4.0,2.0,0.0,2023-11-17,금요일,1043,승차,용마산(용마폭포공원),2725,174616,2023-12-31
59,43,39,59,83,69,83,52,67,50,34,49,32,23,16,12.0,3.0,3.0,2.0,0.0,2023-11-18,토요일,778,승차,용마산(용마폭포공원),2725,175160,2023-12-31
50,19,27,55,81,81,59,51,57,49,36,43,26,13,9,8.0,8.0,5.0,0.0,0.0,2023-11-19,일요일,677,승차,용마산(용마폭포공원),2725,175704,2023-12-31
86,67,77,108,101,86,85,54,78,66,74,52,42,26,18,13.0,2.0,5.0,0.0,0.0,2023-11-20,월요일,1040,승차,용마산(용마폭포공원),2725,176248,2023-12-31
73,54,89,108,92,87,76,77,74,71,53,45,44,20,29,19.0,5.0,6.0,0.0,0.0,2023-11-21,화요일,1022,승차,용마산(용마폭포공원),2725,176792,2023-12-31
73,66,85,111,83,84,82,84,90,75,66,56,44,27,28,11.0,7.0,4.0,1.0,0.0,2023-11-22,수요일,1077,승차,용마산(용마폭포공원),2725,177336,2023-12-31
77,56,67,97,100,83,74,78,71,72,66,59,48,20,29,7.0,7.0,2.0,3.0,0.0,2023-11-23,목요일,1016,승차,용마산(용마폭포공원),2725,177880,2023-12-31
63,64,77,94,85,72,73,75,68,57,59,55,36,20,33,16.0,8.0,7.0,1.0,0.0,2023-11-24,금요일,963,승차,용마산(용마폭포공원),2725,178424,2023-12-31
42,33,36,80,65,75,66,61,54,61,45,36,31,17,12,12.0,5.0,3.0,2.0,0.0,2023-11-25,토요일,736,승차,용마산(용마폭포공원),2725,178968,2023-12-31
30,31,26,47,80,81,58,47,44,45,40,28,28,12,8,9.0,4.0,4.0,0.0,0.0,2023-11-26,일요일,622,승차,용마산(용마폭포공원),2725,179512,2023-12-31
78,53,90,97,92,90,79,77,73,73,94,51,30,28,30,20.0,6.0,3.0,1.0,0.0,2023-11-27,월요일,1065,승차,용마산(용마폭포공원),2725,180056,2023-12-31
68,67,79,103,88,96,71,65,86,61,54,47,46,33,36,8.0,6.0,3.0,4.0,0.0,2023-11-28,화요일,1021,승차,용마산(용마폭포공원),2725,180600,2023-12-31
65,59,83,100,99,63,68,79,89,56,63,67,43,27,27,9.0,5.0,5.0,2.0,0.0,2023-11-29,수요일,1009,승차,용마산(용마폭포공원),2725,181144,2023-12-31
77,73,84,93,100,63,72,75,77,55,71,55,64,34,33,6.0,5.0,3.0,0.0,0.0,2023-11-30,목요일,1040,승차,용마산(용마폭포공원),2725,181688,2023-12-31
81,54,68,84,77,87,75,66,94,61,57,57,46,25,22,21.0,9.0,6.0,2.0,2.0,2023-12-01,금요일,994,승차,용마산(용마폭포공원),2725,182232,2023-12-31
51,39,38,63,71,90,101,67,68,43,57,59,37,26,17,5.0,8.0,4.0,0.0,0.0,2023-12-02,토요일,844,승차,용마산(용마폭포공원),2725,182776,2023-12-31
36,21,28,51,72,92,78,44,65,46,46,41,38,21,17,7.0,4.0,2.0,0.0,0.0,2023-12-03,일요일,709,승차,용마산(용마폭포공원),2725,183320,2023-12-31
87,68,61,98,108,72,79,75,82,100,74,55,34,33,30,14.0,7.0,2.0,1.0,0.0,2023-12-04,월요일,1080,승차,용마산(용마폭포공원),2725,183864,2023-12-31
75,54,78,103,93,93,82,80,84,62,83,63,46,30,26,11.0,7.0,1.0,3.0,0.0,2023-12-05,화요일,1074,승차,용마산(용마폭포공원),2725,184408,2023-12-31
80,58,87,94,96,79,78,89,79,58,61,51,37,32,21,13.0,26.0,1.0,2.0,0.0,2023-12-06,수요일,1042,승차,용마산(용마폭포공원),2725,184952,2023-12-31
72,56,83,102,83,79,108,90,91,65,62,48,55,20,31,16.0,4.0,5.0,1.0,0.0,2023-12-07,목요일,1071,승차,용마산(용마폭포공원),2725,185496,2023-12-31
79,65,85,102,108,71,81,68,95,54,60,64,45,21,24,15.0,12.0,5.0,0.0,1.0,2023-12-08,금요일,1055,승차,용마산(용마폭포공원),2725,186040,2023-12-31
51,31,43,81,75,108,100,64,81,55,73,61,31,35,30,5.0,13.0,1.0,3.0,0.0,2023-12-09,토요일,941,승차,용마산(용마폭포공원),2725,186584,2023-12-31
38,27,23,45,76,107,74,53,66,72,61,60,31,10,23,8.0,1.0,3.0,0.0,1.0,2023-12-10,일요일,779,승차,용마산(용마폭포공원),2725,187128,2023-12-31
82,54,64,118,97,82,73,68,58,88,57,57,37,28,27,11.0,5.0,6.0,0.0,0.0,2023-12-11,월요일,1012,승차,용마산(용마폭포공원),2725,187672,2023-12-31
79,69,81,97,100,93,94,84,91,61,77,65,47,48,23,11.0,4.0,3.0,2.0,0.0,2023-12-12,화요일,1129,승차,용마산(용마폭포공원),2725,188216,2023-12-31
72,55,71,109,108,70,86,103,82,64,61,68,33,29,31,20.0,7.0,12.0,0.0,0.0,2023-12-13,수요일,1081,승차,용마산(용마폭포공원),2725,188760,2023-12-31
78,65,73,98,93,82,78,77,61,57,55,44,57,19,34,13.0,7.0,1.0,1.0,0.0,2023-12-14,목요일,993,승차,용마산(용마폭포공원),2725,189304,2023-12-31
75,47,73,102,82,89,54,82,61,52,55,59,38,29,30,14.0,12.0,2.0,0.0,0.0,2023-12-15,금요일,956,승차,용마산(용마폭포공원),2725,189848,2023-12-31
53,40,33,73,77,85,88,69,74,55,55,65,49,30,21,22.0,9.0,3.0,3.0,0.0,2023-12-16,토요일,904,승차,용마산(용마폭포공원),2725,190392,2023-12-31
36,20,15,49,62,64,64,45,51,50,46,33,21,19,6,4.0,5.0,2.0,0.0,0.0,2023-12-17,일요일,592,승차,용마산(용마폭포공원),2725,190936,2023-12-31
78,59,66,94,80,82,81,58,65,82,78,42,41,34,26,10.0,7.0,4.0,0.0,0.0,2023-12-18,월요일,987,승차,용마산(용마폭포공원),2725,191480,2023-12-31
80,47,81,92,97,85,87,75,91,58,63,55,39,29,29,15.0,4.0,2.0,3.0,0.0,2023-12-19,화요일,1032,승차,용마산(용마폭포공원),2725,192024,2023-12-31
67,62,84,92,69,88,82,75,84,50,43,59,50,39,18,15.0,1.0,5.0,4.0,0.0,2023-12-20,수요일,987,승차,용마산(용마폭포공원),2725,192568,2023-12-31
66,53,69,96,64,82,63,66,71,50,55,46,53,22,18,10.0,6.0,1.0,2.0,0.0,2023-12-21,목요일,893,승차,용마산(용마폭포공원),2725,193112,2023-12-31
72,67,70,94,85,66,63,60,59,57,73,65,52,21,21,9.0,5.0,5.0,2.0,1.0,2023-12-22,금요일,947,승차,용마산(용마폭포공원),2725,193656,2023-12-31
48,28,29,72,78,92,54,72,69,43,72,28,38,27,21,6.0,12.0,1.0,0.0,0.0,2023-12-23,토요일,790,승차,용마산(용마폭포공원),2725,194200,2023-12-31
35,28,24,49,83,81,69,52,63,45,58,27,26,14,10,10.0,3.0,7.0,0.0,0.0,2023-12-24,일요일,684,승차,용마산(용마폭포공원),2725,194744,2023-12-31
26,26,23,57,62,68,53,45,61,49,57,40,29,24,14,8.0,5.0,2.0,0.0,0.0,2023-12-25,월요일,649,승차,용마산(용마폭포공원),2725,195288,2023-12-31
70,57,70,95,101,107,91,83,73,69,56,57,44,23,19,7.0,8.0,4.0,0.0,0.0,2023-12-26,화요일,1034,승차,용마산(용마폭포공원),2725,195832,2023-12-31
66,47,77,94,80,85,91,87,75,82,67,55,43,27,25,16.0,8.0,7.0,2.0,0.0,2023-12-27,수요일,1034,승차,용마산(용마폭포공원),2725,196376,2023-12-31
70,56,72,94,81,96,90,72,84,69,84,76,57,54,32,13.0,8.0,5.0,2.0,0.0,2023-12-28,목요일,1115,승차,용마산(용마폭포공원),2725,196920,2023-12-31
67,54,72,92,106,94,85,65,81,70,72,58,37,19,21,16.0,7.0,4.0,3.0,0.0,2023-12-29,금요일,1023,승차,용마산(용마폭포공원),2725,197464,2023-12-31
45,34,40,62,63,58,62,62,45,41,36,53,21,26,20,5.0,6.0,1.0,0.0,0.0,2023-12-30,토요일,680,승차,용마산(용마폭포공원),2725,198008,2023-12-31
30,19,18,39,57,65,48,46,66,59,45,55,27,9,14,16.0,23.0,7.0,0.0,3.0,2023-12-31,일요일,646,승차,용마산(용마폭포공원),2725,198552,2023-12-31
